{
"type": "FeatureCollection",
"name": "comarques_fix",
"crs": { "type": "name", "properties": { "name": "urn:ogc:def:crs:OGC:1.3:CRS84" } },
"features": [
{ "type": "Feature", "properties": { "COMARCA_KEY": "1", "id": "431205", "nom": "Querol", "comarca": 1, "provincia": 43, "sup": 72.27 }, "geometry": { "type": "Polygon", "coordinates": [ [ [ 1.219663425472888, 41.215282965739362 ], [ 1.205054890250358, 41.226045031221794 ], [ 1.203788525936725, 41.226980051667191 ], [ 1.19586123160396, 41.223703533092994 ], [ 1.186984838742436, 41.232355183987622 ], [ 1.173003317526212, 41.223703319466722 ], [ 1.153027537628635, 41.232355780677693 ], [ 1.160642869977326, 41.238206330847092 ], [ 1.143494992698788, 41.247082386918635 ], [ 1.141268241536136, 41.255747421661894 ], [ 1.119053115898768, 41.260412535798707 ], [ 1.105093169923672, 41.256904932433535 ], [ 1.099082159730805, 41.265794972067894 ], [ 1.088590613895414, 41.263693675675491 ], [ 1.053066604512564, 41.267673842993418 ], [ 1.0590802427935, 41.27422452542735 ], [ 1.056536157525131, 41.293168587265143 ], [ 1.066373172833216, 41.304611189060594 ], [ 1.054004263993187, 41.306023952166626 ], [ 1.042268851202654, 41.31818258114783 ], [ 1.065115423115981, 41.326134972461482 ], [ 1.107631901317808, 41.312809030213977 ], [ 1.12191296148169, 41.305549079553948 ], [ 1.144450109098349, 41.308598828089615 ], [ 1.150804121787762, 41.311169069168095 ], [ 1.174280496887131, 41.320064704327251 ], [ 1.184742599094958, 41.319347525938817 ], [ 1.191089016043839, 41.315376234278141 ], [ 1.196166278668394, 41.327075167095543 ], [ 1.220623604668196, 41.342515934712871 ], [ 1.229809395280101, 41.373137735446441 ], [ 1.239031042463387, 41.379692319410474 ], [ 1.254254341674861, 41.384608036759154 ], [ 1.259005008261182, 41.403775063698831 ], [ 1.281551223708953, 41.416183586544598 ], [ 1.304387583777367, 41.42880814679954 ], [ 1.321222410168711, 41.447987944134766 ], [ 1.327868266446827, 41.42693616217926 ], [ 1.352311879586028, 41.427631188876596 ], [ 1.365316004130795, 41.431149367578314 ], [ 1.369121287308329, 41.440732892811113 ], [ 1.384047259639658, 41.447987115508333 ], [ 1.40500203992889, 41.436047977303041 ], [ 1.42275220345899, 41.449389099334667 ], [ 1.440860372633188, 41.450086359037705 ], [ 1.475114383670733, 41.479080137599631 ], [ 1.485594257625174, 41.47136442978664 ], [ 1.485605060789792, 41.460610077459172 ], [ 1.469083517823791, 41.444232557984471 ], [ 1.475763029088315, 41.436052709901809 ], [ 1.495434656123924, 41.436293697600114 ], [ 1.477667284852812, 41.423197685390917 ], [ 1.490669665039375, 41.401211329619429 ], [ 1.482103561014234, 41.398162271200988 ], [ 1.473218432485408, 41.380156353558888 ], [ 1.485588192667269, 41.382031219910552 ], [ 1.509085215537031, 41.394191646486355 ], [ 1.537321880144205, 41.385312676532763 ], [ 1.528442072886937, 41.367527179713164 ], [ 1.512569574341428, 41.358874249774281 ], [ 1.493844092570592, 41.35490164065618 ], [ 1.462424827766619, 41.356071350092762 ], [ 1.42211824819885, 41.333151633302073 ], [ 1.402462654248751, 41.324737858283804 ], [ 1.424985765528301, 41.308366817879836 ], [ 1.415154188353704, 41.299008355341662 ], [ 1.398956880487533, 41.292226839120261 ], [ 1.436082370163197, 41.285909742578347 ], [ 1.439271440619899, 41.272351915641849 ], [ 1.408788173901022, 41.27492497831841 ], [ 1.398321745689545, 41.262529806043055 ], [ 1.419587335437948, 41.261814923835907 ], [ 1.434831389352589, 41.251304419020499 ], [ 1.412934507362981, 41.240772205232936 ], [ 1.395796449856293, 41.238895308385558 ], [ 1.371353788262947, 41.241938868572873 ], [ 1.357062749918945, 41.254111902648916 ], [ 1.345963615564156, 41.237037134250869 ], [ 1.333917882583571, 41.235854601233903 ], [ 1.353571514764945, 41.224878142433568 ], [ 1.33961657423183, 41.213418481818394 ], [ 1.295816237529022, 41.239133972391919 ], [ 1.293603732698242, 41.237029509262719 ], [ 1.268841188036273, 41.233056847124821 ], [ 1.259652959875606, 41.22228965567794 ], [ 1.243136999962809, 41.221588421989168 ], [ 1.259013587778532, 41.199617491180504 ], [ 1.232998047147045, 41.203814900798619 ], [ 1.232986717272956, 41.215758455289418 ], [ 1.232352708643384, 41.217153865148219 ], [ 1.219663425472888, 41.215282965739362 ] ] ] } },
{ "type": "Feature", "properties": { "COMARCA_KEY": "10", "id": "172327", "nom": "Vilopriu", "comarca": 10, "provincia": 17, "sup": 16.5 }, "geometry": { "type": "Polygon", "coordinates": [ [ [ 2.971083831057137, 41.753188305391767 ], [ 2.949516924157948, 41.768618926559505 ], [ 2.959980471123151, 41.774459601201833 ], [ 2.955231102535757, 41.786869512134892 ], [ 2.943795940025104, 41.789440489149236 ], [ 2.929820234786155, 41.825208487692954 ], [ 2.970448064819315, 41.828018276235817 ], [ 2.959352814737187, 41.853756657411822 ], [ 2.94283798300914, 41.865206387692382 ], [ 2.956488761171968, 41.884613156327326 ], [ 2.936178276290678, 41.897951799545289 ], [ 2.906033054006438, 41.90239847406648 ], [ 2.894919449161812, 41.900983778287795 ], [ 2.885404642106821, 41.909170879466473 ], [ 2.902222032595702, 41.919003844278848 ], [ 2.897786260829975, 41.932798372803155 ], [ 2.94634254418547, 41.939352230102713 ], [ 2.945065076608127, 41.96601158171709 ], [ 2.949814671015395, 41.972786806188225 ], [ 2.968231804904449, 41.974900949480649 ], [ 2.987275447249798, 41.988919058924765 ], [ 2.98029486695233, 41.997348324029311 ], [ 2.956482588178225, 42.000151847759589 ], [ 2.951720888331811, 42.005770101454075 ], [ 2.952692043539809, 42.031493464135295 ], [ 2.978059871507873, 42.036166542560906 ], [ 2.972685139764616, 42.060717357377278 ], [ 2.978071329515025, 42.073111542593637 ], [ 2.970452814315146, 42.078964090150698 ], [ 2.952038225871654, 42.097673437615981 ], [ 2.954277317668036, 42.111940651369466 ], [ 2.976484269819776, 42.115207699938622 ], [ 2.996467359520164, 42.123171783454602 ], [ 2.996152158603267, 42.133925492865743 ], [ 3.006002173111057, 42.139311259032297 ], [ 3.017422518551415, 42.127835866639629 ], [ 3.037091492115561, 42.121058327759471 ], [ 3.045334944654054, 42.111004130052301 ], [ 3.050414238318169, 42.10983116679791 ], [ 3.061524285249541, 42.11638247200078 ], [ 3.091048163423503, 42.121766731671237 ], [ 3.094853858192927, 42.126447013787697 ], [ 3.107854998166606, 42.116384303871634 ], [ 3.108485493072612, 42.103054099458156 ], [ 3.127216761576653, 42.107736255390236 ], [ 3.131987037205415, 42.098382117716163 ], [ 3.169743911121894, 42.107969436371519 ], [ 3.18371309141819, 42.103516726293982 ], [ 3.198293468435205, 42.078490361407056 ], [ 3.211633470266997, 42.069135755878492 ], [ 3.211316348848262, 42.053699088452582 ], [ 3.198929076245823, 42.04974031835021 ], [ 3.19449256362267, 42.029393006082202 ], [ 3.196721449876723, 42.007863355377843 ], [ 3.207503415508219, 41.981202641687595 ], [ 3.210374331546817, 41.973253509846138 ], [ 3.231310370234101, 41.968583790253156 ], [ 3.23353764093796, 41.950565834603715 ], [ 3.217969552984973, 41.942382293740991 ], [ 3.218616526131431, 41.926943471130528 ], [ 3.202124880232175, 41.891162629752976 ], [ 3.182441143157531, 41.887196551564273 ], [ 3.178959236817968, 41.874790590636536 ], [ 3.177685869766473, 41.867551047737166 ], [ 3.158964936909743, 41.859598390784939 ], [ 3.150389844544471, 41.860996999301229 ], [ 3.144676603182483, 41.849313391654754 ], [ 3.128184120559937, 41.842757939139901 ], [ 3.117690639508408, 41.848137288140613 ], [ 3.102773035430411, 41.845323435874626 ], [ 3.080897003910673, 41.825219453864406 ], [ 3.068819816970887, 41.814689192426023 ], [ 3.064060502544775, 41.799019815368794 ], [ 3.053605238254989, 41.790360444950352 ], [ 3.043752255756059, 41.778439342886315 ], [ 3.007267105086333, 41.770719418618654 ], [ 2.983134409048317, 41.760198191534961 ], [ 2.971083831057137, 41.753188305391767 ] ] ] } },
{ "type": "Feature", "properties": { "COMARCA_KEY": "11", "id": "80692", "nom": "Collbató", "comarca": 11, "provincia": 8, "sup": 18.06 }, "geometry": { "type": "Polygon", "coordinates": [ [ [ 1.944803267188874, 41.263467874623146 ], [ 1.937179640053032, 41.274224895280938 ], [ 1.942888198350025, 41.280060339335215 ], [ 1.924485919678113, 41.291059278186815 ], [ 1.916224836681394, 41.289414475850208 ], [ 1.901628481266165, 41.27960198496811 ], [ 1.888951799266775, 41.28356976818629 ], [ 1.871172075822736, 41.278658802913057 ], [ 1.869269128245539, 41.296204864095998 ], [ 1.854656831237116, 41.298546470600513 ], [ 1.846737656437172, 41.3060157035789 ], [ 1.847992224511461, 41.318890993663693 ], [ 1.852122294769762, 41.31911240973141 ], [ 1.872766972235812, 41.344141109845019 ], [ 1.882289108442738, 41.343675524454916 ], [ 1.897836983571555, 41.354436289819894 ], [ 1.88830164949309, 41.371044382489352 ], [ 1.870546580402441, 41.379932943474891 ], [ 1.868950299353292, 41.386474659902319 ], [ 1.877198475256226, 41.38950987633978 ], [ 1.875610084649462, 41.398393675537804 ], [ 1.884804541428995, 41.40776077551223 ], [ 1.881011460843087, 41.411272852349803 ], [ 1.89466520059864, 41.430212225688116 ], [ 1.894658050446736, 41.437688254595635 ], [ 1.876879976424756, 41.455224445634009 ], [ 1.874971749201844, 41.457565711378571 ], [ 1.871478095332684, 41.476753038580654 ], [ 1.837538728526827, 41.498032399326306 ], [ 1.843878297000831, 41.50668919706002 ], [ 1.854989109252973, 41.508547761979031 ], [ 1.854980997545313, 41.515807494928616 ], [ 1.826740128415399, 41.538725321322175 ], [ 1.817535408245442, 41.554393536295805 ], [ 1.794377661358919, 41.56164696093235 ], [ 1.797875324459531, 41.564457776415665 ], [ 1.806117475894727, 41.571461121233135 ], [ 1.812779327563093, 41.603271070075628 ], [ 1.831511520127561, 41.590636932762528 ], [ 1.851811748523698, 41.590643324516051 ], [ 1.86323294597423, 41.592053851720145 ], [ 1.891156906028564, 41.581283863736083 ], [ 1.884503239378089, 41.578949701195668 ], [ 1.90923987220905, 41.570306017672436 ], [ 1.920050858407367, 41.5707683628276 ], [ 1.931771840872291, 41.53638036877863 ], [ 1.941619132381522, 41.527968617750979 ], [ 1.951143814950964, 41.523047869844426 ], [ 1.951467473849273, 41.510422668270664 ], [ 1.936219197699412, 41.507850670620478 ], [ 1.930516151005509, 41.496160398755592 ], [ 1.921953535924985, 41.495233770017968 ], [ 1.945438517377858, 41.466934423869112 ], [ 1.953691001509818, 41.464595828804718 ], [ 1.961604612517612, 41.45944329316346 ], [ 1.973344212441921, 41.463656018754186 ], [ 1.985101649518523, 41.443782059821331 ], [ 1.989859494435471, 41.439572460096976 ], [ 1.99399078927589, 41.435591373338262 ], [ 1.999694154175193, 41.460141137423136 ], [ 2.023488779951215, 41.457571339099019 ], [ 2.033016236985946, 41.441672749044351 ], [ 2.054269271258416, 41.445416364900254 ], [ 2.064108917219058, 41.44212807506478 ], [ 2.05935349933787, 41.434883369756577 ], [ 2.054604410759948, 41.414073333944529 ], [ 2.070455141170685, 41.418508047165417 ], [ 2.073322999325711, 41.417108008321748 ], [ 2.074912292570934, 41.416418218662031 ], [ 2.079027804491927, 41.414775853748033 ], [ 2.069825317175532, 41.407297700757887 ], [ 2.077446440949877, 41.403071515197276 ], [ 2.085701750227397, 41.409856975093682 ], [ 2.101239982390198, 41.407529377834926 ], [ 2.098385422110242, 41.394194005704215 ], [ 2.102836772217831, 41.380159100876547 ], [ 2.099341673499884, 41.368241884715729 ], [ 2.086953340259412, 41.366594962885237 ], [ 2.099973799340906, 41.351871139235165 ], [ 2.092031552544919, 41.340170995452091 ], [ 2.100599340292033, 41.335950670936121 ], [ 2.117432723298792, 41.32309205538126 ], [ 2.152018383073417, 41.322631457908479 ], [ 2.154866390629445, 41.314905859884583 ], [ 2.142816862705007, 41.298999363255781 ], [ 2.127583034658862, 41.296669033950508 ], [ 2.101251969404679, 41.284972711642041 ], [ 2.074597303025728, 41.276564564255985 ], [ 2.046343187137049, 41.270244800564797 ], [ 2.002878429068282, 41.264399887758408 ], [ 1.944803267188874, 41.263467874623146 ] ] ] } },
{ "type": "Feature", "properties": { "COMARCA_KEY": "12", "id": "431378", "nom": "Sant Jaume dels Domenys", "comarca": 12, "provincia": 43, "sup": 24.43 }, "geometry": { "type": "MultiPolygon", "coordinates": [ [ [ [ 1.476400130137139, 41.208734428249429 ], [ 1.436402562957421, 41.202415393473892 ], [ 1.417357212526668, 41.211775138007994 ], [ 1.396422915190146, 41.205450479805656 ], [ 1.390402432734909, 41.220426892285502 ], [ 1.404348500592179, 41.225809304400208 ], [ 1.412934507362981, 41.240772205232936 ], [ 1.434831389352589, 41.251304419020499 ], [ 1.419587335437948, 41.261814923835907 ], [ 1.398321745689545, 41.262529806043055 ], [ 1.408788173901022, 41.27492497831841 ], [ 1.439271440619899, 41.272351915641849 ], [ 1.436082370163197, 41.285909742578347 ], [ 1.398956880487533, 41.292226839120261 ], [ 1.415154188353704, 41.299008355341662 ], [ 1.424985765528301, 41.308366817879836 ], [ 1.402462654248751, 41.324737858283804 ], [ 1.42211824819885, 41.333151633302073 ], [ 1.462424827766619, 41.356071350092762 ], [ 1.493844092570592, 41.35490164065618 ], [ 1.512569574341428, 41.358874249774281 ], [ 1.528442072886937, 41.367527179713164 ], [ 1.537321880144205, 41.385312676532763 ], [ 1.5512769947714, 41.368699682861681 ], [ 1.563356486459947, 41.369643787931246 ], [ 1.579219620472234, 41.356077592399615 ], [ 1.559210063397154, 41.342966321753302 ], [ 1.56652115310231, 41.338770137902635 ], [ 1.578262684153221, 41.31654151098877 ], [ 1.595407296510494, 41.309293913399316 ], [ 1.59127308946559, 41.292687762035172 ], [ 1.612217136253824, 41.28497962492937 ], [ 1.62744955085909, 41.294331854607059 ], [ 1.6293564532502, 41.283113283908556 ], [ 1.620471146989364, 41.277494571365011 ], [ 1.627443627970443, 41.269543262110197 ], [ 1.612205300228633, 41.250588960175762 ], [ 1.593492375668217, 41.258306446331851 ], [ 1.570002875477177, 41.260413030300001 ], [ 1.579219022148633, 41.240548561399329 ], [ 1.593498919377743, 41.233517904901205 ], [ 1.601754636230293, 41.234699370306728 ], [ 1.621726748360878, 41.223464608242978 ], [ 1.630306921316479, 41.22392730457365 ], [ 1.641098171381873, 41.235152468822207 ], [ 1.644266047601561, 41.220435457414403 ], [ 1.653152936546083, 41.207100463094029 ], [ 1.641420016864786, 41.211538469147904 ], [ 1.645865841433009, 41.1949268131889 ], [ 1.616666189825007, 41.190724479935668 ], [ 1.567477921605296, 41.185817440312157 ], [ 1.538587378520345, 41.182067564456169 ], [ 1.495749450338023, 41.173192961634932 ], [ 1.483057015632054, 41.186988135560796 ], [ 1.476400130137139, 41.208734428249429 ] ] ], [ [ [ 1.632853389938395, 41.313509929855066 ], [ 1.642047913535311, 41.312573925698075 ], [ 1.642057632775249, 41.312105654578879 ], [ 1.632853389938395, 41.313509929855066 ] ] ] ] } },
{ "type": "Feature", "properties": { "COMARCA_KEY": "13", "id": "80155", "nom": "Badalona", "comarca": 13, "provincia": 8, "sup": 21.18 }, "geometry": { "type": "MultiPolygon", "coordinates": [ [ [ [ 2.182791992212635, 41.365189700444752 ], [ 2.170743482784263, 41.338531189590796 ], [ 2.172023355089504, 41.348827058692684 ], [ 2.182791992212635, 41.365189700444752 ] ] ], [ [ [ 2.086953340259412, 41.366594962885237 ], [ 2.099341673499884, 41.368241884715729 ], [ 2.102836772217831, 41.380159100876547 ], [ 2.098385422110242, 41.394194005704215 ], [ 2.101239982390198, 41.407529377834926 ], [ 2.085701750227397, 41.409856975093682 ], [ 2.077446440949877, 41.403071515197276 ], [ 2.069825317175532, 41.407297700757887 ], [ 2.079027804491927, 41.414775853748033 ], [ 2.070772083813169, 41.434886096404938 ], [ 2.09044507643271, 41.428341803926784 ], [ 2.12092643819473, 41.4257684393354 ], [ 2.129500241591625, 41.443308039966773 ], [ 2.156469486803348, 41.449850180391742 ], [ 2.165981013661173, 41.458746792613681 ], [ 2.185979810777607, 41.468095615939056 ], [ 2.198996355158469, 41.473014957497846 ], [ 2.211049015186948, 41.470666263348967 ], [ 2.211675344227451, 41.480254416797756 ], [ 2.224373170186938, 41.492176432974723 ], [ 2.246264849741717, 41.488683003168703 ], [ 2.26117984336142, 41.47067491899822 ], [ 2.270061729198035, 41.460373096061261 ], [ 2.250713743689881, 41.445638639830186 ], [ 2.237394882736152, 41.425770746673741 ], [ 2.227237859770719, 41.41033621119405 ], [ 2.195485926087676, 41.382969950996191 ], [ 2.177086929745427, 41.371976760871839 ], [ 2.165359306939406, 41.340870270345526 ], [ 2.152018383073417, 41.322631457908479 ], [ 2.117432723298792, 41.32309205538126 ], [ 2.100599340292033, 41.335950670936121 ], [ 2.092031552544919, 41.340170995452091 ], [ 2.099973799340906, 41.351871139235165 ], [ 2.086953340259412, 41.366594962885237 ] ] ], [ [ [ 2.05935349933787, 41.434883369756577 ], [ 2.070455141170685, 41.418508047165417 ], [ 2.054604410759948, 41.414073333944529 ], [ 2.05935349933787, 41.434883369756577 ] ] ] ] } },
{ "type": "Feature", "properties": { "COMARCA_KEY": "14", "id": "80522", "nom": "Castellar de n'Hug", "comarca": 14, "provincia": 8, "sup": 47.11 }, "geometry": { "type": "MultiPolygon", "coordinates": [ [ [ [ 1.848009019401275, 41.915482246660922 ], [ 1.843571271129447, 41.906142816347987 ], [ 1.824191698189463, 41.920176416808381 ], [ 1.80898034696309, 41.926252178185059 ], [ 1.767709526050067, 41.912450873328652 ], [ 1.755334155936295, 41.921341961530466 ], [ 1.751224001166178, 41.916902127392042 ], [ 1.73089494863268, 41.91923707496683 ], [ 1.722007247326151, 41.929514023449521 ], [ 1.71725170234507, 41.94052099936377 ], [ 1.685848578715096, 41.937716044224771 ], [ 1.677578655884014, 41.942142342616613 ], [ 1.663309492074043, 41.962259671046354 ], [ 1.649019669540831, 41.956652478413368 ], [ 1.645219389860108, 41.968586275750198 ], [ 1.650945029909785, 41.978632847035314 ], [ 1.675041890755131, 41.983074504861122 ], [ 1.667753336067649, 41.970219002863665 ], [ 1.682341903574877, 41.967415262286671 ], [ 1.71724725603996, 41.9828514279167 ], [ 1.716933226715321, 41.999689961554424 ], [ 1.70679651338069, 42.001791776969476 ], [ 1.699806584206949, 42.014177676619433 ], [ 1.689964941544844, 42.005293525355135 ], [ 1.700433084978439, 41.992893605390854 ], [ 1.696620759515634, 41.984474391446327 ], [ 1.685201673782555, 41.995007770430725 ], [ 1.666175219355003, 41.990321056968746 ], [ 1.657598836410335, 42.003190301240764 ], [ 1.655062612029025, 41.992893305750883 ], [ 1.647124625534453, 41.999446743134023 ], [ 1.65474709790202, 42.019332382052404 ], [ 1.669333341434182, 42.014891161464718 ], [ 1.683613775150058, 42.025179021271853 ], [ 1.699158320191673, 42.029391126642324 ], [ 1.697580254064179, 42.036866528770545 ], [ 1.684242636160739, 42.048566743053854 ], [ 1.679187353394539, 42.038277457492732 ], [ 1.669975326153536, 42.044349417471231 ], [ 1.673777939290238, 42.052066827332027 ], [ 1.675057916211013, 42.059088536599965 ], [ 1.690606625391449, 42.074055385715639 ], [ 1.691880222707504, 42.087381219448467 ], [ 1.716940703576412, 42.084584034762692 ], [ 1.723280882725584, 42.100019489318626 ], [ 1.704562339771332, 42.105861885620286 ], [ 1.711852448401534, 42.116157063509959 ], [ 1.698530911808011, 42.133460801496014 ], [ 1.713757188465935, 42.15474308249847 ], [ 1.720741745132313, 42.151705039427014 ], [ 1.734065458298232, 42.158481409129159 ], [ 1.736617731785079, 42.183510697594564 ], [ 1.731546726761278, 42.183977089298324 ], [ 1.725824615924504, 42.166207541379698 ], [ 1.708065799303611, 42.16082134665978 ], [ 1.693764171022926, 42.172277343506693 ], [ 1.68266447565799, 42.165738020461298 ], [ 1.669332518414647, 42.169943120990887 ], [ 1.658225756855747, 42.165022464061195 ], [ 1.650620892572789, 42.177667948096023 ], [ 1.641739874997816, 42.19660206580086 ], [ 1.613810077075773, 42.201041142441156 ], [ 1.610312549264, 42.212508587172138 ], [ 1.638566490897305, 42.247358660601122 ], [ 1.663315941367109, 42.254368311798807 ], [ 1.684559927769543, 42.25646921127742 ], [ 1.694399978028554, 42.263714440060411 ], [ 1.689647116672986, 42.276592863785673 ], [ 1.670616085037355, 42.280804758835231 ], [ 1.675039770438596, 42.284998714793176 ], [ 1.718522562163698, 42.283133343159697 ], [ 1.734086131713808, 42.283594412557441 ], [ 1.740738116300635, 42.290620293318248 ], [ 1.761992232894587, 42.292959144101829 ], [ 1.779145570157953, 42.2903872226507 ], [ 1.79723589566139, 42.29459508747388 ], [ 1.804838131953756, 42.301843362017955 ], [ 1.832778937669309, 42.301140531719149 ], [ 1.842297482499043, 42.306046242130762 ], [ 1.873393633098605, 42.313542790747917 ], [ 1.8927582609089, 42.320557978895437 ], [ 1.902592118234726, 42.323120166847332 ], [ 1.918452960473582, 42.316804561587624 ], [ 1.938774488763587, 42.316346013011696 ], [ 1.942583961295508, 42.307699395399773 ], [ 1.955278501704548, 42.311904500712849 ], [ 1.969547538164582, 42.303009566012982 ], [ 1.992708848920655, 42.300675658275999 ], [ 2.019059445492506, 42.310036250528412 ], [ 2.050793490153517, 42.296001697329416 ], [ 2.069186992180271, 42.290856896123721 ], [ 2.042543046179618, 42.26886076535974 ], [ 2.029214111381251, 42.250862529262193 ], [ 2.02477470953247, 42.23214609068097 ], [ 2.017147088219808, 42.23168470868638 ], [ 2.030167116791591, 42.215548379940259 ], [ 2.053009599254615, 42.21928769138956 ], [ 2.052691033397439, 42.195202430977261 ], [ 2.063480750633959, 42.1912202076198 ], [ 2.05617043018256, 42.174624803006225 ], [ 2.037786229106564, 42.178128615691541 ], [ 2.027939689788077, 42.166427517707874 ], [ 2.004782229665969, 42.162464335018328 ], [ 1.995894390608807, 42.171807440159547 ], [ 2.00540777712142, 42.182805893937022 ], [ 1.997791293057579, 42.191223477168066 ], [ 2.007616643441197, 42.193326296057336 ], [ 1.96477598180516, 42.198711638922198 ], [ 1.965418971736949, 42.178597536073518 ], [ 1.991759582807789, 42.182110347690589 ], [ 1.990481450961993, 42.171111482505871 ], [ 2.005726253572083, 42.15474513166896 ], [ 2.004136614200366, 42.149597758088795 ], [ 2.032069617822612, 42.151223799115655 ], [ 2.037449737399135, 42.142821148776633 ], [ 2.05141169550552, 42.143045513720786 ], [ 2.061258938824297, 42.135092866922669 ], [ 2.071411661036912, 42.129249316963765 ], [ 2.063488136316987, 42.121763684864213 ], [ 2.048877591490021, 42.121535422985986 ], [ 2.053953212779904, 42.1072572706912 ], [ 2.045387040161915, 42.10423223266784 ], [ 2.06252630710482, 42.098375292027342 ], [ 2.042207945092946, 42.092065135027056 ], [ 2.034910184331788, 42.077323553614441 ], [ 2.025408327848441, 42.096264757390749 ], [ 2.013984107508364, 42.093699408840749 ], [ 2.00826998679813, 42.0848058924133 ], [ 2.008251309024983, 42.073583752803465 ], [ 2.006682783883353, 42.05323367477866 ], [ 1.995568801125035, 42.028441232287477 ], [ 2.020629726804584, 42.027973324277561 ], [ 2.015242460871196, 42.016993346715644 ], [ 2.006982051848997, 42.00762746426868 ], [ 2.007299074112947, 41.995003063046518 ], [ 1.994288160763789, 41.987054119198284 ], [ 1.997799818000732, 41.975592475389334 ], [ 1.985733634146138, 41.969271971874157 ], [ 1.996517545390926, 41.960396197293036 ], [ 1.977801545487071, 41.95360222875361 ], [ 1.973354226298211, 41.929983258423952 ], [ 1.985725061360377, 41.924148836610087 ], [ 1.970186850557754, 41.919939522761361 ], [ 1.955587156953303, 41.966245650591397 ], [ 1.936535304737614, 41.965296172909341 ], [ 1.921623296918694, 41.953610651291264 ], [ 1.903226737118555, 41.945654694612749 ], [ 1.885441905647355, 41.937467558364034 ], [ 1.886096749732635, 41.920631583096068 ], [ 1.880051231965902, 41.906360331996396 ], [ 1.863551851639924, 41.916195552393653 ], [ 1.848009019401275, 41.915482246660922 ] ], [ [ 2.015242367515647, 42.107724129150199 ], [ 2.021599527690295, 42.126907997020098 ], [ 2.002222828676411, 42.125029921494175 ], [ 2.007620167329945, 42.106325517546665 ], [ 2.015242367515647, 42.107724129150199 ] ] ], [ [ [ 1.644575208866525, 42.11147326045252 ], [ 1.647113972225339, 42.113808821189537 ], [ 1.692183429024746, 42.1126382530515 ], [ 1.691239091089365, 42.104449804579353 ], [ 1.661404622752514, 42.104934179052194 ], [ 1.644575208866525, 42.11147326045252 ] ] ] ] } },
{ "type": "Feature", "properties": { "COMARCA_KEY": "15", "id": "251272", "nom": "Lles de Cerdanya", "comarca": 15, "provincia": 25, "sup": 102.79 }, "geometry": { "type": "MultiPolygon", "coordinates": [ [ [ [ 1.651252342838651, 42.28571203797685 ], [ 1.654750125448052, 42.331071039531636 ], [ 1.660781303647501, 42.338562517050164 ], [ 1.652826394154174, 42.349546561290346 ], [ 1.660143858300207, 42.361718202642713 ], [ 1.652826616577151, 42.365450931214824 ], [ 1.657270552466554, 42.375751729762712 ], [ 1.647757725176444, 42.396803597732443 ], [ 1.624282883483261, 42.406844895377148 ], [ 1.601100635465173, 42.424161572881303 ], [ 1.595087485837451, 42.445215477675468 ], [ 1.581441523018181, 42.449658307234387 ], [ 1.586199066344093, 42.460884167891685 ], [ 1.599197565672696, 42.468122266251463 ], [ 1.606827437676148, 42.464144704195768 ], [ 1.631577365636641, 42.463686435129567 ], [ 1.656956966054226, 42.46789515694924 ], [ 1.662666154816242, 42.473977734173339 ], [ 1.662666619710613, 42.493375986717005 ], [ 1.670284635378104, 42.504847800377327 ], [ 1.679502820192933, 42.494796008621556 ], [ 1.702974276272543, 42.490813396288999 ], [ 1.725827753627592, 42.502741154489371 ], [ 1.730904375630469, 42.492440951585138 ], [ 1.748356086329186, 42.494794264007417 ], [ 1.762629093959339, 42.48684413643484 ], [ 1.762653424101507, 42.486844399141496 ], [ 1.763067391390097, 42.486830856769139 ], [ 1.778407709202803, 42.486365010741913 ], [ 1.793552860017242, 42.485913066928596 ], [ 1.804842007789885, 42.489867797991764 ], [ 1.844204701125936, 42.476078512065492 ], [ 1.848004660930957, 42.467885508125903 ], [ 1.881954458425635, 42.458999817253719 ], [ 1.884824669603821, 42.449409589596975 ], [ 1.90893055634494, 42.44778640692877 ], [ 1.936865085001413, 42.454100835352264 ], [ 1.942900108239849, 42.443799962946883 ], [ 1.940996347815828, 42.429769303112046 ], [ 1.95844887090555, 42.424165472676776 ], [ 1.955577828955434, 42.409657904031178 ], [ 1.960974049325999, 42.390488353134629 ], [ 1.972405512664997, 42.373408079614144 ], [ 1.986359337417714, 42.362184802066146 ], [ 2.011747892033939, 42.352355792375413 ], [ 2.016202886950151, 42.34697249998861 ], [ 2.001909429128217, 42.341841626028234 ], [ 1.987950703591848, 42.343232267997834 ], [ 1.988280001225183, 42.331779538496875 ], [ 1.961937153446361, 42.332012375850837 ], [ 1.955278501704548, 42.311904500712849 ], [ 1.942583961295508, 42.307699395399773 ], [ 1.938774488763587, 42.316346013011696 ], [ 1.918452960473582, 42.316804561587624 ], [ 1.902592118234726, 42.323120166847332 ], [ 1.8927582609089, 42.320557978895437 ], [ 1.873393633098605, 42.313542790747917 ], [ 1.842297482499043, 42.306046242130762 ], [ 1.832778937669309, 42.301140531719149 ], [ 1.804838131953756, 42.301843362017955 ], [ 1.79723589566139, 42.29459508747388 ], [ 1.779145570157953, 42.2903872226507 ], [ 1.761992232894587, 42.292959144101829 ], [ 1.740738116300635, 42.290620293318248 ], [ 1.734086131713808, 42.283594412557441 ], [ 1.718522562163698, 42.283133343159697 ], [ 1.675039770438596, 42.284998714793176 ], [ 1.670616085037355, 42.280804758835231 ], [ 1.651252342838651, 42.28571203797685 ] ] ], [ [ [ 2.009852798681184, 42.455961403263274 ], [ 2.012378508291572, 42.448472329855484 ], [ 1.984144333141414, 42.446838664409228 ], [ 1.956216365145615, 42.457610854307823 ], [ 1.962565813919711, 42.478183710051098 ], [ 1.978110023182855, 42.4859062332485 ], [ 1.979070491608991, 42.492687131712607 ], [ 1.989228589017382, 42.493623718397423 ], [ 1.998416737244323, 42.485202939659438 ], [ 1.986359369593475, 42.475370681297612 ], [ 1.991768694462564, 42.462756238093327 ], [ 2.009852798681184, 42.455961403263274 ] ] ] ] } },
{ "type": "Feature", "properties": { "COMARCA_KEY": "16", "id": "431397", "nom": "Santa Coloma de Queralt", "comarca": 16, "provincia": 43, "sup": 34.09 }, "geometry": { "type": "Polygon", "coordinates": [ [ [ 1.12191296148169, 41.305549079553948 ], [ 1.107631901317808, 41.312809030213977 ], [ 1.065115423115981, 41.326134972461482 ], [ 1.047346808846389, 41.324970117283065 ], [ 1.019423761429757, 41.332455057224358 ], [ 1.001336753053103, 41.329169964521768 ], [ 1.004509973743765, 41.345779915488606 ], [ 0.994341037599768, 41.352322291257479 ], [ 0.977215917874206, 41.329414937650718 ], [ 0.949603320423238, 41.31678474234625 ], [ 0.935323642787477, 41.320294301544948 ], [ 0.907387512727261, 41.326364668292385 ], [ 0.904848867039259, 41.347412699717275 ], [ 0.951515005514135, 41.351855904048058 ], [ 0.966412600028265, 41.358641247325011 ], [ 0.981961783690111, 41.391628254483756 ], [ 0.993705042055268, 41.390914981393657 ], [ 1.003551579513147, 41.404488603620671 ], [ 1.027359734907079, 41.409168678073073 ], [ 1.038137376148622, 41.421548388051718 ], [ 1.04640017636875, 41.440495451118394 ], [ 1.054952330472978, 41.441901378995702 ], [ 1.075589838853853, 41.459667907956188 ], [ 1.056237027232675, 41.466223654064287 ], [ 1.037506934978401, 41.479794061047564 ], [ 1.04860534110716, 41.487512661493838 ], [ 1.03751033866805, 41.498726445299745 ], [ 1.039421449913274, 41.501298968633677 ], [ 1.082560363517608, 41.479095083583992 ], [ 1.099386194591942, 41.476276070045571 ], [ 1.107945774270121, 41.466923974890584 ], [ 1.129537556266595, 41.473942322969762 ], [ 1.154296168406545, 41.480953461640837 ], [ 1.17935797201951, 41.488450455621461 ], [ 1.175865273044063, 41.501076810200388 ], [ 1.166346945755475, 41.505518914823945 ], [ 1.165387049605737, 41.517446707326037 ], [ 1.168568243934968, 41.517677564084643 ], [ 1.175860932647684, 41.53451022124559 ], [ 1.165701675271831, 41.536852471047524 ], [ 1.180934013887777, 41.543399292568296 ], [ 1.210781137449159, 41.548785447418894 ], [ 1.219651156795862, 41.56983702413946 ], [ 1.233933598488398, 41.571228236276006 ], [ 1.258693152643781, 41.567498859873872 ], [ 1.272349265452678, 41.571703957413682 ], [ 1.293294613228418, 41.566090338597121 ], [ 1.304073497137177, 41.571239673162651 ], [ 1.328817610247083, 41.567026579198426 ], [ 1.37293918971069, 41.564687267584368 ], [ 1.391664812648913, 41.556268103361496 ], [ 1.403093877917965, 41.557670389350889 ], [ 1.392298408263844, 41.57520951178109 ], [ 1.410068951224511, 41.575438661502325 ], [ 1.419266069201257, 41.58293315759132 ], [ 1.453538947617902, 41.569366547383865 ], [ 1.431012908098986, 41.555568901275215 ], [ 1.446871722210872, 41.552289543453696 ], [ 1.448463852222992, 41.536855063212442 ], [ 1.436419814714173, 41.539195839675024 ], [ 1.425614482905612, 41.531950878619689 ], [ 1.408489463532282, 41.535209807197596 ], [ 1.397367496859705, 41.518608566571672 ], [ 1.396433336197673, 41.51275900927947 ], [ 1.408167252046933, 41.504347380965363 ], [ 1.43894400737288, 41.498032062303103 ], [ 1.45258129214717, 41.486813452032095 ], [ 1.473541759482673, 41.485868629594279 ], [ 1.475114383670733, 41.479080137599631 ], [ 1.440860372633188, 41.450086359037705 ], [ 1.42275220345899, 41.449389099334667 ], [ 1.40500203992889, 41.436047977303041 ], [ 1.384047259639658, 41.447987115508333 ], [ 1.369121287308329, 41.440732892811113 ], [ 1.365316004130795, 41.431149367578314 ], [ 1.352311879586028, 41.427631188876596 ], [ 1.327868266446827, 41.42693616217926 ], [ 1.321222410168711, 41.447987944134766 ], [ 1.304387583777367, 41.42880814679954 ], [ 1.281551223708953, 41.416183586544598 ], [ 1.259005008261182, 41.403775063698831 ], [ 1.254254341674861, 41.384608036759154 ], [ 1.239031042463387, 41.379692319410474 ], [ 1.229809395280101, 41.373137735446441 ], [ 1.220623604668196, 41.342515934712871 ], [ 1.196166278668394, 41.327075167095543 ], [ 1.191089016043839, 41.315376234278141 ], [ 1.184742599094958, 41.319347525938817 ], [ 1.174280496887131, 41.320064704327251 ], [ 1.150804121787762, 41.311169069168095 ], [ 1.144450109098349, 41.308598828089615 ], [ 1.12191296148169, 41.305549079553948 ] ] ] } },
{ "type": "Feature", "properties": { "COMARCA_KEY": "17", "id": "81483", "nom": "Olivella", "comarca": 17, "provincia": 8, "sup": 38.75 }, "geometry": { "type": "Polygon", "coordinates": [ [ [ 1.671552813280655, 41.255036240478084 ], [ 1.690595840013213, 41.272116486010084 ], [ 1.69313073845696, 41.280306085670709 ], [ 1.703928032995939, 41.292227975751196 ], [ 1.703297384182634, 41.299949284067523 ], [ 1.721712155523572, 41.301344262241187 ], [ 1.743269379249032, 41.297131964882418 ], [ 1.754696994329716, 41.300408794201104 ], [ 1.765484643978366, 41.312342826495275 ], [ 1.768346851869969, 41.324029156642013 ], [ 1.777861858885253, 41.328940576890652 ], [ 1.789608888289107, 41.323101782575939 ], [ 1.847992224511461, 41.318890993663693 ], [ 1.846737656437172, 41.3060157035789 ], [ 1.854656831237116, 41.298546470600513 ], [ 1.869269128245539, 41.296204864095998 ], [ 1.871172075822736, 41.278658802913057 ], [ 1.888951799266775, 41.28356976818629 ], [ 1.901628481266165, 41.27960198496811 ], [ 1.916224836681394, 41.289414475850208 ], [ 1.924485919678113, 41.291059278186815 ], [ 1.942888198350025, 41.280060339335215 ], [ 1.937179640053032, 41.274224895280938 ], [ 1.944803267188874, 41.263467874623146 ], [ 1.906719045570245, 41.25504167313089 ], [ 1.854038253205847, 41.234226168489194 ], [ 1.814039457727775, 41.235622623722108 ], [ 1.766445245572536, 41.219485323602527 ], [ 1.756619579232118, 41.219253529861113 ], [ 1.751522625409894, 41.218784025428498 ], [ 1.728050597321043, 41.214815989005942 ], [ 1.683618404408361, 41.202192354557823 ], [ 1.645865841433009, 41.1949268131889 ], [ 1.641420016864786, 41.211538469147904 ], [ 1.653152936546083, 41.207100463094029 ], [ 1.644266047601561, 41.220435457414403 ], [ 1.641098171381873, 41.235152468822207 ], [ 1.668696470949939, 41.245221071763673 ], [ 1.671552813280655, 41.255036240478084 ] ] ] } },
{ "type": "Feature", "properties": { "COMARCA_KEY": "18", "id": "250292", "nom": "Arbeca", "comarca": 18, "provincia": 25, "sup": 58.22 }, "geometry": { "type": "Polygon", "coordinates": [ [ [ 0.614157523346751, 41.290826931302071 ], [ 0.596708442078167, 41.293165792980993 ], [ 0.586550174969004, 41.306967614683906 ], [ 0.579896127104934, 41.3195813210137 ], [ 0.587500153871079, 41.345320022462424 ], [ 0.584981242472275, 41.375943798994484 ], [ 0.605917442441927, 41.389981536983726 ], [ 0.625597422397687, 41.399342134314509 ], [ 0.628765226557442, 41.419456229866924 ], [ 0.62019645510936, 41.433257439752019 ], [ 0.62558199267326, 41.447040760639418 ], [ 0.642419539851922, 41.454772636111997 ], [ 0.6633652394487, 41.4575779643747 ], [ 0.664320121055714, 41.472998609387822 ], [ 0.672883872099405, 41.479314752104116 ], [ 0.692232870432294, 41.476750630490869 ], [ 0.69604337540802, 41.499667717845895 ], [ 0.710016354624049, 41.524696913295308 ], [ 0.726824347625518, 41.518383709389475 ], [ 0.758878057688441, 41.537548631885777 ], [ 0.755707821413394, 41.550185998131163 ], [ 0.76459598967631, 41.551115760504345 ], [ 0.775690808103148, 41.549241493157297 ], [ 0.77950201319458, 41.567490384276766 ], [ 0.806806708792885, 41.571473202166338 ], [ 0.830601364879271, 41.57077197975827 ], [ 0.838208020017575, 41.564214423362614 ], [ 0.852814405990291, 41.571459323932871 ], [ 0.860430896007483, 41.575438170065134 ], [ 0.882328828955731, 41.583625437903692 ], [ 0.882005812149429, 41.581764129697291 ], [ 0.888991346389357, 41.574273078306639 ], [ 0.917543650524352, 41.589006397961285 ], [ 0.922955544454039, 41.587843411134521 ], [ 0.952465608646184, 41.584103816055524 ], [ 0.964520206251493, 41.57918416116356 ], [ 0.961027748634064, 41.568188184902489 ], [ 0.986731765600529, 41.549943421909397 ], [ 0.987991601909831, 41.536383365640503 ], [ 0.978792841341854, 41.5176681404646 ], [ 0.986737992376166, 41.516510584037384 ], [ 1.010536959329161, 41.5118270694879 ], [ 1.019421249971068, 41.503406015452299 ], [ 1.037829489815965, 41.504820488181537 ], [ 1.03751033866805, 41.498726445299745 ], [ 1.04860534110716, 41.487512661493838 ], [ 1.037506934978401, 41.479794061047564 ], [ 1.056237027232675, 41.466223654064287 ], [ 1.075589838853853, 41.459667907956188 ], [ 1.054952330472978, 41.441901378995702 ], [ 1.04640017636875, 41.440495451118394 ], [ 1.038137376148622, 41.421548388051718 ], [ 1.027359734907079, 41.409168678073073 ], [ 1.003551579513147, 41.404488603620671 ], [ 0.993705042055268, 41.390914981393657 ], [ 0.981961783690111, 41.391628254483756 ], [ 0.966412600028265, 41.358641247325011 ], [ 0.951515005514135, 41.351855904048058 ], [ 0.904848867039259, 41.347412699717275 ], [ 0.86327395950388, 41.338055431648684 ], [ 0.847102891496603, 41.354434678597563 ], [ 0.844879933934446, 41.36239114317079 ], [ 0.829007335884681, 41.357246987792614 ], [ 0.81947979899524, 41.328244830629608 ], [ 0.812501168699617, 41.326833373314997 ], [ 0.768084102356381, 41.333618039311226 ], [ 0.753491246948141, 41.328470310570978 ], [ 0.751885212136896, 41.318189162435978 ], [ 0.724292005494695, 41.313269343638069 ], [ 0.696043796461722, 41.313499709353891 ], [ 0.690661052836519, 41.312346998795554 ], [ 0.690637178349965, 41.312346519560833 ], [ 0.669696478970063, 41.309996814127679 ], [ 0.661457682024557, 41.303218663580367 ], [ 0.614157523346751, 41.290826931302071 ] ] ] } },
{ "type": "Feature", "properties": { "COMARCA_KEY": "19", "id": "171096", "nom": "Montagut i Oix", "comarca": 19, "provincia": 17, "sup": 93.39 }, "geometry": { "type": "Polygon", "coordinates": [ [ [ 2.47634715751712, 42.076152026355977 ], [ 2.466816287487222, 42.073820488262335 ], [ 2.450004953435005, 42.077559910119327 ], [ 2.429378953318821, 42.064237649400845 ], [ 2.409065090466591, 42.070313317172925 ], [ 2.394164316639574, 42.086447308868472 ], [ 2.400176516554115, 42.10281662411689 ], [ 2.379875697418, 42.103519292101701 ], [ 2.37384478834447, 42.116617929956604 ], [ 2.381131406057762, 42.123628434117229 ], [ 2.35067015712193, 42.137672199342177 ], [ 2.357986587825895, 42.158482078022118 ], [ 2.385893570787923, 42.166668522845676 ], [ 2.370982750284802, 42.17602638619752 ], [ 2.361149696437784, 42.17134279238028 ], [ 2.360202766570424, 42.188413513465157 ], [ 2.332599447583541, 42.210627873935465 ], [ 2.367496137926161, 42.214842404066921 ], [ 2.374789659290646, 42.229580613427494 ], [ 2.348148699669957, 42.227703105250299 ], [ 2.343696509303462, 42.241042977719736 ], [ 2.351005661438817, 42.244542960270529 ], [ 2.383362115812832, 42.252737022835007 ], [ 2.375750397290301, 42.264890251804765 ], [ 2.388440373146713, 42.271677243209275 ], [ 2.40621768607168, 42.274256371258517 ], [ 2.415414481224736, 42.286876246758631 ], [ 2.441434146620343, 42.285240720141999 ], [ 2.463024833336014, 42.279399765166787 ], [ 2.485243631896121, 42.288273670714382 ], [ 2.479833800136241, 42.303019373219975 ], [ 2.496660466364169, 42.29857337173005 ], [ 2.503945687042767, 42.303954775961714 ], [ 2.508708205463882, 42.281261705461382 ], [ 2.530918492897447, 42.279157189003278 ], [ 2.554084543812031, 42.289210452764245 ], [ 2.523936532697108, 42.291556958647746 ], [ 2.52806205002754, 42.301138564517927 ], [ 2.51981085931815, 42.326861879367314 ], [ 2.52648564269448, 42.333410066636361 ], [ 2.542359011375033, 42.333888799070898 ], [ 2.562039582943326, 42.317520465111485 ], [ 2.591849983939197, 42.327807379819589 ], [ 2.614071141059211, 42.318211727487707 ], [ 2.617562707403881, 42.306749582227987 ], [ 2.630899190511437, 42.312611263883667 ], [ 2.628036255105141, 42.29599463544735 ], [ 2.656906964384044, 42.296228742622276 ], [ 2.666130369194678, 42.281737975152943 ], [ 2.661684423303805, 42.264901323386752 ], [ 2.672468514673551, 42.256935084052074 ], [ 2.67595083018822, 42.263483508601432 ], [ 2.690238476557071, 42.262550312864455 ], [ 2.678819244677266, 42.271669236197809 ], [ 2.695954701837272, 42.274021536912883 ], [ 2.708962788242958, 42.26699439992435 ], [ 2.702932767333567, 42.24968694167972 ], [ 2.727053930870126, 42.250161167594136 ], [ 2.731167432499609, 42.263482125437974 ], [ 2.771487594198104, 42.252023528005267 ], [ 2.76799829334197, 42.238236923343862 ], [ 2.778144936672773, 42.227233293242584 ], [ 2.779094652187238, 42.212032466191459 ], [ 2.766405765955007, 42.203379261675451 ], [ 2.770840625370391, 42.189590476838511 ], [ 2.769267093411925, 42.189353157423639 ], [ 2.760050267255182, 42.186308111374245 ], [ 2.74101185135861, 42.18070077472597 ], [ 2.723865245043706, 42.186316784111327 ], [ 2.704522622648936, 42.173911853094779 ], [ 2.675646675194713, 42.171348087465411 ], [ 2.666443593230436, 42.176257195004034 ], [ 2.668666164207983, 42.15871919018609 ], [ 2.658175525248202, 42.155680275595515 ], [ 2.656911006566067, 42.143283672882539 ], [ 2.654382280082207, 42.136503247647276 ], [ 2.665800266173658, 42.123639840215155 ], [ 2.657554166176523, 42.118247676110748 ], [ 2.651205612477706, 42.102359141836494 ], [ 2.635980152551077, 42.087379077309244 ], [ 2.631835437459899, 42.089023053019837 ], [ 2.639144056246047, 42.053938788104226 ], [ 2.630886649553832, 42.039916312502584 ], [ 2.661674239252147, 42.016756135050301 ], [ 2.635663896734719, 42.0158118890377 ], [ 2.628028406945609, 42.012076670225234 ], [ 2.62612690938599, 42.023310753925266 ], [ 2.608680143963723, 42.027990075099275 ], [ 2.596630352351028, 42.049960450677482 ], [ 2.58804001482414, 42.036636233676553 ], [ 2.565531347373632, 42.03849866075101 ], [ 2.559812441076919, 42.044349157090842 ], [ 2.546805956910853, 42.038264133494174 ], [ 2.544887806462378, 42.02939406455755 ], [ 2.53315788333553, 42.027743782280915 ], [ 2.496019953892554, 42.058857512927943 ], [ 2.494744509383406, 42.061193604550546 ], [ 2.47634715751712, 42.076152026355977 ] ] ] } },
{ "type": "Feature", "properties": { "COMARCA_KEY": "2", "id": "170865", "nom": "la Jonquera", "comarca": 2, "provincia": 17, "sup": 56.93 }, "geometry": { "type": "Polygon", "coordinates": [ [ [ 2.889835165358351, 42.178832719942108 ], [ 2.87619167683985, 42.183502125213032 ], [ 2.879051466680624, 42.195195440839356 ], [ 2.860977062546848, 42.19683213057273 ], [ 2.847645727177832, 42.179991305062003 ], [ 2.827972593416072, 42.183043673435272 ], [ 2.834949867955255, 42.200814468964687 ], [ 2.834948649122337, 42.201282797272839 ], [ 2.806384153780975, 42.201976663146361 ], [ 2.786070162954711, 42.19848214185523 ], [ 2.779094652187238, 42.212032466191459 ], [ 2.778144936672773, 42.227233293242584 ], [ 2.76799829334197, 42.238236923343862 ], [ 2.771487594198104, 42.252023528005267 ], [ 2.731167432499609, 42.263482125437974 ], [ 2.727053930870126, 42.250161167594136 ], [ 2.702932767333567, 42.24968694167972 ], [ 2.708962788242958, 42.26699439992435 ], [ 2.695954701837272, 42.274021536912883 ], [ 2.678819244677266, 42.271669236197809 ], [ 2.690238476557071, 42.262550312864455 ], [ 2.67595083018822, 42.263483508601432 ], [ 2.672468514673551, 42.256935084052074 ], [ 2.661684423303805, 42.264901323386752 ], [ 2.666130369194678, 42.281737975152943 ], [ 2.656906964384044, 42.296228742622276 ], [ 2.628036255105141, 42.29599463544735 ], [ 2.630899190511437, 42.312611263883667 ], [ 2.617562707403881, 42.306749582227987 ], [ 2.614071141059211, 42.318211727487707 ], [ 2.591849983939197, 42.327807379819589 ], [ 2.562039582943326, 42.317520465111485 ], [ 2.542359011375033, 42.333888799070898 ], [ 2.552828831315814, 42.34324242334867 ], [ 2.55408656185455, 42.354234754400842 ], [ 2.570914596046101, 42.357973446920255 ], [ 2.618520008868311, 42.34511890688978 ], [ 2.675959138836938, 42.342305590809275 ], [ 2.675326096576869, 42.356803626480129 ], [ 2.660728697410468, 42.366163713201999 ], [ 2.658831107640875, 42.380189531394976 ], [ 2.652783904572904, 42.38861904867759 ], [ 2.671207754442809, 42.387448544659115 ], [ 2.671207413082552, 42.401479942225585 ], [ 2.692787510066884, 42.406619197429343 ], [ 2.716566226450188, 42.42089193016357 ], [ 2.756562900179914, 42.425558888069283 ], [ 2.770836594780584, 42.411520936534494 ], [ 2.793055625144206, 42.41808354939311 ], [ 2.816547171812113, 42.440062134962048 ], [ 2.825426395999141, 42.438887213139509 ], [ 2.840014183709381, 42.459009797350802 ], [ 2.861282555744024, 42.455255012736693 ], [ 2.870159365725286, 42.467657582988821 ], [ 2.882556496689139, 42.460178018016165 ], [ 2.9050872056558, 42.456668558678054 ], [ 2.924762354508839, 42.459240850276167 ], [ 2.929832205137553, 42.471870384719665 ], [ 2.948876522989205, 42.479355373068223 ], [ 2.967912044495211, 42.465313042633696 ], [ 2.980293853231718, 42.468125690983619 ], [ 2.988540129822308, 42.474214817552586 ], [ 3.012966841397367, 42.466721726259863 ], [ 3.031703560234352, 42.474913467563972 ], [ 3.040583540436968, 42.47350574379491 ], [ 3.046292457308339, 42.461579727972705 ], [ 3.058027462391348, 42.445904030812315 ], [ 3.085336156055151, 42.426037773865794 ], [ 3.102161761264192, 42.426960637187889 ], [ 3.121195452523667, 42.437965419227723 ], [ 3.144990340286022, 42.433038539387248 ], [ 3.17451462410872, 42.435158829178441 ], [ 3.160539426391448, 42.428136573396436 ], [ 3.168784539747885, 42.420181441654407 ], [ 3.156427975203614, 42.407554527289108 ], [ 3.164990528228881, 42.401004148064146 ], [ 3.153568087132387, 42.390951264197433 ], [ 3.166879454194489, 42.389311572065445 ], [ 3.155140708032025, 42.378322652707297 ], [ 3.167214211400351, 42.368957373349097 ], [ 3.162771684656374, 42.360552078633141 ], [ 3.174827407345502, 42.355166694510793 ], [ 3.197348739214868, 42.334812338278788 ], [ 3.203384390201413, 42.346978073068435 ], [ 3.231638731059395, 42.350959212897841 ], [ 3.240830859240049, 42.335287638451817 ], [ 3.261778308870331, 42.334359128699759 ], [ 3.261464549840116, 42.340664133540457 ], [ 3.280824198371, 42.331774336541784 ], [ 3.307796212815945, 42.327093966965741 ], [ 3.321443990933437, 42.318680805716781 ], [ 3.311924060127883, 42.317518284226892 ], [ 3.300163457599533, 42.3044186816307 ], [ 3.289691491173169, 42.306751194419313 ], [ 3.290327513780529, 42.292015467326912 ], [ 3.299218924797738, 42.28430131669456 ], [ 3.279542360209052, 42.288980155942653 ], [ 3.27668730208296, 42.279620621590524 ], [ 3.287150820473667, 42.270966938642054 ], [ 3.279553021364884, 42.252973220601298 ], [ 3.254482920457423, 42.252959534926852 ], [ 3.249391044883968, 42.240578091122323 ], [ 3.243996165274458, 42.249686030517204 ], [ 3.2290917475153, 42.251319883696539 ], [ 3.229719236934245, 42.243843424016511 ], [ 3.217654946290002, 42.232158779408536 ], [ 3.197678368808324, 42.246190714056176 ], [ 3.181168117324812, 42.245947792155654 ], [ 3.17261030588677, 42.263721339288104 ], [ 3.149441249421675, 42.259286766729609 ], [ 3.134210366768137, 42.246408626196256 ], [ 3.11644130089165, 42.220688041836645 ], [ 3.111999837918077, 42.20314812921918 ], [ 3.111353948840293, 42.180236567715987 ], [ 3.116738878191146, 42.145376410090414 ], [ 3.125319297472958, 42.12690413433581 ], [ 3.135480798662119, 42.126208095030819 ], [ 3.137998682736311, 42.115685532189168 ], [ 3.150711785261856, 42.120587076265899 ], [ 3.169743911121894, 42.107969436371519 ], [ 3.131987037205415, 42.098382117716163 ], [ 3.127216761576653, 42.107736255390236 ], [ 3.108485493072612, 42.103054099458156 ], [ 3.107854998166606, 42.116384303871634 ], [ 3.094853858192927, 42.126447013787697 ], [ 3.091048163423503, 42.121766731671237 ], [ 3.061524285249541, 42.11638247200078 ], [ 3.050414238318169, 42.10983116679791 ], [ 3.045334944654054, 42.111004130052301 ], [ 3.037091492115561, 42.121058327759471 ], [ 3.017422518551415, 42.127835866639629 ], [ 3.006002173111057, 42.139311259032297 ], [ 2.996152158603267, 42.133925492865743 ], [ 2.996467359520164, 42.123171783454602 ], [ 2.976484269819776, 42.115207699938622 ], [ 2.954277317668036, 42.111940651369466 ], [ 2.926329980995881, 42.11686166720196 ], [ 2.904129631608858, 42.110540725602782 ], [ 2.898404426604997, 42.120587036052505 ], [ 2.901280243274845, 42.138368303108827 ], [ 2.888256643024581, 42.153811402843317 ], [ 2.898410491901001, 42.162214823737763 ], [ 2.889835165358351, 42.178832719942108 ] ] ] } },
{ "type": "Feature", "properties": { "COMARCA_KEY": "20", "id": "172168", "nom": "Viladasens", "comarca": 20, "provincia": 17, "sup": 15.52 }, "geometry": { "type": "Polygon", "coordinates": [ [ [ 2.816539671375566, 41.889536705914558 ], [ 2.81654843325818, 41.911747535754316 ], [ 2.792098484142103, 41.910571015353177 ], [ 2.780042198286988, 41.903090918424972 ], [ 2.771468760702193, 41.906839022991576 ], [ 2.74735122190265, 41.926008983179884 ], [ 2.717532543374034, 41.921562208626156 ], [ 2.699431652250964, 41.923912057208696 ], [ 2.702920724281996, 41.930928403316322 ], [ 2.680399621269881, 41.948232935772801 ], [ 2.672773405407836, 41.948463642711324 ], [ 2.661356798911187, 41.962733209927862 ], [ 2.674045432783435, 41.973487910927858 ], [ 2.665177870215172, 41.988917856044814 ], [ 2.660717715156242, 41.992201200561794 ], [ 2.661674239252147, 42.016756135050301 ], [ 2.630886649553832, 42.039916312502584 ], [ 2.639144056246047, 42.053938788104226 ], [ 2.631835437459899, 42.089023053019837 ], [ 2.635980152551077, 42.087379077309244 ], [ 2.67753986449728, 42.0845852692403 ], [ 2.691186903296991, 42.092764693161357 ], [ 2.71530202780563, 42.092070506575674 ], [ 2.732136708167461, 42.085752434943892 ], [ 2.729262705959271, 42.079206951796735 ], [ 2.756879117394539, 42.071955468265301 ], [ 2.767662221070414, 42.05861207382587 ], [ 2.779099441494551, 42.057445789800326 ], [ 2.780355532722302, 42.043650118116517 ], [ 2.799411646959191, 42.031724234885985 ], [ 2.807657220310125, 42.037574630192452 ], [ 2.836211473525108, 42.040374948651404 ], [ 2.830180606924786, 42.054650634009441 ], [ 2.843524816589138, 42.053714905129809 ], [ 2.858741771592811, 42.069135873754355 ], [ 2.856835555394846, 42.078266152148679 ], [ 2.874921666496543, 42.065876260255848 ], [ 2.884760658849284, 42.065868548208222 ], [ 2.893333960227837, 42.071010574692771 ], [ 2.896499008996765, 42.08715319537653 ], [ 2.893659495501886, 42.093239009612539 ], [ 2.904129631608858, 42.110540725602782 ], [ 2.926329980995881, 42.11686166720196 ], [ 2.954277317668036, 42.111940651369466 ], [ 2.952038225871654, 42.097673437615981 ], [ 2.970452814315146, 42.078964090150698 ], [ 2.978071329515025, 42.073111542593637 ], [ 2.972685139764616, 42.060717357377278 ], [ 2.978059871507873, 42.036166542560906 ], [ 2.952692043539809, 42.031493464135295 ], [ 2.951720888331811, 42.005770101454075 ], [ 2.956482588178225, 42.000151847759589 ], [ 2.98029486695233, 41.997348324029311 ], [ 2.987275447249798, 41.988919058924765 ], [ 2.968231804904449, 41.974900949480649 ], [ 2.949814671015395, 41.972786806188225 ], [ 2.945065076608127, 41.96601158171709 ], [ 2.94634254418547, 41.939352230102713 ], [ 2.897786260829975, 41.932798372803155 ], [ 2.902222032595702, 41.919003844278848 ], [ 2.885404642106821, 41.909170879466473 ], [ 2.894919449161812, 41.900983778287795 ], [ 2.906033054006438, 41.90239847406648 ], [ 2.936178276290678, 41.897951799545289 ], [ 2.956488761171968, 41.884613156327326 ], [ 2.94283798300914, 41.865206387692382 ], [ 2.959352814737187, 41.853756657411822 ], [ 2.970448064819315, 41.828018276235817 ], [ 2.929820234786155, 41.825208487692954 ], [ 2.943795940025104, 41.789440489149236 ], [ 2.955231102535757, 41.786869512134892 ], [ 2.959980471123151, 41.774459601201833 ], [ 2.949516924157948, 41.768618926559505 ], [ 2.928570968126753, 41.757385042044156 ], [ 2.906993131578307, 41.772357310255344 ], [ 2.871112962823167, 41.772827055363692 ], [ 2.853984512301024, 41.791775320507938 ], [ 2.853988427703785, 41.800656212858236 ], [ 2.866054299704721, 41.810020151170136 ], [ 2.851775530972505, 41.810254809549804 ], [ 2.849224869794004, 41.819834890576537 ], [ 2.86192632434966, 41.848600966763954 ], [ 2.854942147185438, 41.847439474933722 ], [ 2.837177253833232, 41.860529702478509 ], [ 2.819392686615418, 41.852342871915177 ], [ 2.812720963978064, 41.859825918742118 ], [ 2.809872401052398, 41.877834976017901 ], [ 2.816539671375566, 41.889536705914558 ] ] ] } },
{ "type": "Feature", "properties": { "COMARCA_KEY": "21", "id": "82845", "nom": "Tordera", "comarca": 21, "provincia": 8, "sup": 84.14 }, "geometry": { "type": "Polygon", "coordinates": [ [ [ 2.263079191991514, 41.503870296837398 ], [ 2.266905428654689, 41.504579308883088 ], [ 2.281825042893661, 41.514167191384587 ], [ 2.307512056873382, 41.512523261236979 ], [ 2.323070748442915, 41.516741260789033 ], [ 2.331004034359735, 41.523759369949545 ], [ 2.316405380114099, 41.532879010491705 ], [ 2.334180250237086, 41.543629951037111 ], [ 2.337346127099964, 41.562347387863838 ], [ 2.356392276150736, 41.574273123235123 ], [ 2.375429398003156, 41.595328988954797 ], [ 2.383045221196952, 41.596955384495573 ], [ 2.401134395138647, 41.607949787436411 ], [ 2.421121811193555, 41.630173881651551 ], [ 2.455089303453911, 41.631096521739742 ], [ 2.486828305653252, 41.631566852407353 ], [ 2.496660972704692, 41.623846110265688 ], [ 2.522984426309452, 41.625723769688335 ], [ 2.536012470793316, 41.633667412583208 ], [ 2.536651775970132, 41.641632358537692 ], [ 2.541713998875351, 41.64911060705731 ], [ 2.546480932888998, 41.657758392039668 ], [ 2.572810322311109, 41.661047802917203 ], [ 2.592808686241479, 41.659174839871596 ], [ 2.594081917022165, 41.659161329032862 ], [ 2.598196187802902, 41.669696159175004 ], [ 2.609310147086436, 41.675300898849329 ], [ 2.599166227390127, 41.683732686698939 ], [ 2.614085735674993, 41.692376558601168 ], [ 2.629948298286027, 41.688159348295507 ], [ 2.638838762906649, 41.709912804826317 ], [ 2.651827122963968, 41.722076440453471 ], [ 2.67057235140244, 41.714601777106807 ], [ 2.701668432252933, 41.728161321582384 ], [ 2.724180826821323, 41.744070007945673 ], [ 2.74483059850121, 41.734948526363617 ], [ 2.77592712005685, 41.734941316316799 ], [ 2.777193082289025, 41.730494280231973 ], [ 2.765769898522048, 41.723950431306385 ], [ 2.774653154330515, 41.700333531441949 ], [ 2.770204054767919, 41.687462524055604 ], [ 2.757834140166935, 41.679276641434058 ], [ 2.765139413289223, 41.665943169769967 ], [ 2.777829980561304, 41.650277862069814 ], [ 2.727671610999625, 41.635073874100051 ], [ 2.703249868294964, 41.624781204036942 ], [ 2.671823981536237, 41.614967958031102 ], [ 2.639136913072302, 41.604907971157722 ], [ 2.595352792541519, 41.590404606805379 ], [ 2.571863520065889, 41.582699371006342 ], [ 2.531557024248644, 41.569121341464964 ], [ 2.522350770362345, 41.565156278616307 ], [ 2.50999561494753, 41.559069388633681 ], [ 2.487442937898246, 41.550882493730498 ], [ 2.461109190999295, 41.542475352393623 ], [ 2.423673065426703, 41.518838682791859 ], [ 2.402722049552087, 41.505977339339971 ], [ 2.37638376710745, 41.493587493334431 ], [ 2.345926235452015, 41.484464965160704 ], [ 2.296421755333692, 41.472066846818237 ], [ 2.270061729198035, 41.460373096061261 ], [ 2.26117984336142, 41.47067491899822 ], [ 2.246264849741717, 41.488683003168703 ], [ 2.263079191991514, 41.503870296837398 ] ] ] } },
{ "type": "Feature", "properties": { "COMARCA_KEY": "22", "id": "430445", "nom": "la Sénia", "comarca": 22, "provincia": 43, "sup": 108.41 }, "geometry": { "type": "Polygon", "coordinates": [ [ [ 0.548169935237869, 40.572847606406029 ], [ 0.537697602514139, 40.567220165236911 ], [ 0.522457717206128, 40.543600439476521 ], [ 0.514528427291543, 40.523018726163976 ], [ 0.486278242761673, 40.529108918993799 ], [ 0.447235192998789, 40.541961926343141 ], [ 0.43741878503099, 40.547347175043036 ], [ 0.434864581635491, 40.567233112036497 ], [ 0.443429020188035, 40.578682472766111 ], [ 0.430430761960264, 40.579384709637722 ], [ 0.404410621000819, 40.594817854895311 ], [ 0.402188479143167, 40.602766467961075 ], [ 0.389161369088048, 40.606507861961731 ], [ 0.359982923284221, 40.605573941294068 ], [ 0.329197253182862, 40.611188832627867 ], [ 0.31555834097729, 40.613538581321492 ], [ 0.297764184696518, 40.625697510493502 ], [ 0.278408775455902, 40.630142626782103 ], [ 0.265090919144292, 40.645338229052989 ], [ 0.275235007396352, 40.670366075867626 ], [ 0.28221874215648, 40.672007975346411 ], [ 0.291427183134931, 40.687662878086087 ], [ 0.277154881267859, 40.69352385566566 ], [ 0.261594866306593, 40.705909683178518 ], [ 0.236842699657025, 40.701698573825865 ], [ 0.224475653055974, 40.7253245227542 ], [ 0.225741168276357, 40.733047012461128 ], [ 0.196536447343012, 40.724162437765997 ], [ 0.169897266162316, 40.732572921547252 ], [ 0.15942143347197, 40.750581552907811 ], [ 0.17623648718981, 40.741699284209965 ], [ 0.176242831795174, 40.753858887129816 ], [ 0.188602562166322, 40.748936799259823 ], [ 0.211449812350912, 40.76788384978542 ], [ 0.230178781601279, 40.766479779677034 ], [ 0.233980827648689, 40.779343012632658 ], [ 0.273332862596527, 40.780748618406456 ], [ 0.27841639321273, 40.772330000315804 ], [ 0.292701770780837, 40.750815005139401 ], [ 0.313332036143207, 40.743803485318686 ], [ 0.330768408278124, 40.760871589368342 ], [ 0.342531556888218, 40.757594419680629 ], [ 0.383764473116865, 40.762734503035048 ], [ 0.383468664036566, 40.757593680604117 ], [ 0.412648624304978, 40.740057324789781 ], [ 0.445668627155009, 40.737478592402717 ], [ 0.468514395636869, 40.737712016451049 ], [ 0.50691159774806, 40.738187998349481 ], [ 0.517050478825939, 40.744495670154599 ], [ 0.541490233265641, 40.745901885362777 ], [ 0.551332626585851, 40.744273731812832 ], [ 0.561489923262991, 40.751514685954241 ], [ 0.572277175417246, 40.733042804851401 ], [ 0.580523143700564, 40.715273181990952 ], [ 0.600216789239931, 40.706839143012864 ], [ 0.614163019030736, 40.705434964376757 ], [ 0.657008734040467, 40.718311052312728 ], [ 0.673817304191156, 40.72041666009865 ], [ 0.683981142860972, 40.714099658659379 ], [ 0.704287279511667, 40.714325337736298 ], [ 0.752853790720451, 40.709894890868235 ], [ 0.776656586110047, 40.696790448049235 ], [ 0.789341623292926, 40.693989561878695 ], [ 0.843923294034614, 40.715974290216359 ], [ 0.875340822468849, 40.719007192711473 ], [ 0.863278717805672, 40.691184692801258 ], [ 0.835673744739421, 40.673879791696343 ], [ 0.795373077295462, 40.657497530947055 ], [ 0.75919917088045, 40.64206422500272 ], [ 0.74966710305817, 40.634348307298133 ], [ 0.703024378024514, 40.581490943966621 ], [ 0.680504748927953, 40.565115009407656 ], [ 0.64496134097673, 40.552721498764299 ], [ 0.621156301122594, 40.55131475070759 ], [ 0.596705516234367, 40.565346859026498 ], [ 0.591959689776006, 40.578453222331703 ], [ 0.616387568682981, 40.57587950883859 ], [ 0.617976632398824, 40.58569465060863 ], [ 0.634161855686224, 40.576353187427621 ], [ 0.649382368424654, 40.572844795016067 ], [ 0.660188904757098, 40.591548150538074 ], [ 0.68366571211584, 40.589211155843493 ], [ 0.710005555019652, 40.592258787871934 ], [ 0.745544799702028, 40.635979336843704 ], [ 0.725868648545789, 40.6394846850459 ], [ 0.680498346102623, 40.633645640045991 ], [ 0.663354802992111, 40.626165785184519 ], [ 0.626539117891073, 40.622189898928504 ], [ 0.604328686943818, 40.623118235502126 ], [ 0.579896520072592, 40.603710602028499 ], [ 0.548169935237869, 40.572847606406029 ] ] ] } },
{ "type": "Feature", "properties": { "COMARCA_KEY": "23", "id": "250426", "nom": "la Baronia de Rialb", "comarca": 23, "provincia": 25, "sup": 145.08 }, "geometry": { "type": "Polygon", "coordinates": [ [ [ 0.874066450256797, 41.739392876843354 ], [ 0.863911528700307, 41.741023744183863 ], [ 0.852809369115741, 41.725595979934688 ], [ 0.865823927673815, 41.723947199658298 ], [ 0.856930312392607, 41.710848442502666 ], [ 0.840749912621101, 41.70804164688353 ], [ 0.829959492115305, 41.712251423738849 ], [ 0.81187413416317, 41.713187226554723 ], [ 0.809650056485271, 41.700103622750149 ], [ 0.794741044911141, 41.703132703260344 ], [ 0.774752206058629, 41.697991854241046 ], [ 0.776324503740643, 41.687935181953989 ], [ 0.763645361795982, 41.685599565024624 ], [ 0.741734686197893, 41.712261938238079 ], [ 0.734430577181134, 41.708047248268066 ], [ 0.725248912806764, 41.699165684152142 ], [ 0.714438070444434, 41.702427511195729 ], [ 0.707461434269128, 41.694489018971495 ], [ 0.694451742230288, 41.694714967096523 ], [ 0.671600849981495, 41.718570942729045 ], [ 0.665589862377049, 41.731201753689156 ], [ 0.628763903767556, 41.760906208087938 ], [ 0.6217901075444, 41.766039594038759 ], [ 0.615109214259301, 41.77492518209845 ], [ 0.587192864185645, 41.808384985082618 ], [ 0.578935798986801, 41.824980424758273 ], [ 0.579890372246668, 41.851406214895725 ], [ 0.579900731922934, 41.862627909068159 ], [ 0.606557553217744, 41.870823934299125 ], [ 0.60813440924379, 41.878295758161734 ], [ 0.592905814540118, 41.884623811864358 ], [ 0.600198815173005, 41.908714380033757 ], [ 0.602753362379077, 41.92227667904978 ], [ 0.562751228965278, 41.932799530011522 ], [ 0.566890974951372, 41.946360181118919 ], [ 0.592594284296878, 41.968570453833387 ], [ 0.605597934468999, 41.959692576820729 ], [ 0.610358782423498, 41.976290591311539 ], [ 0.62433128305062, 41.991962763056613 ], [ 0.638601597033398, 41.994544847333955 ], [ 0.643036731568459, 41.981667585986521 ], [ 0.647183579128792, 41.996882566812751 ], [ 0.657653295152126, 42.001095398243294 ], [ 0.663359215381631, 42.012775276877903 ], [ 0.652239806979722, 42.026813516457786 ], [ 0.65699891469749, 42.040617677224233 ], [ 0.671283240974356, 42.046456123971709 ], [ 0.668429082653055, 42.055115771205692 ], [ 0.679854416060189, 42.07452978132703 ], [ 0.692880095942256, 42.059320547485981 ], [ 0.711581942239856, 42.052076234884659 ], [ 0.743643971804818, 42.052297088412608 ], [ 0.762365292379063, 42.040145626641028 ], [ 0.79790878204714, 42.04294077665638 ], [ 0.836617134489319, 42.039444466585167 ], [ 0.849638669795488, 42.035924792409745 ], [ 0.88931016046297, 42.041074427132017 ], [ 0.888028203870428, 42.040384393895074 ], [ 0.921347540053319, 42.02190020848586 ], [ 0.959133665064613, 42.020957461546487 ], [ 1.008628738465015, 42.02096257397487 ], [ 1.021329441462616, 42.033592645903127 ], [ 1.028308970342072, 42.030560678754419 ], [ 1.067963907478513, 42.036638911993585 ], [ 1.074950550677362, 42.005289040105794 ], [ 1.083518941439245, 42.007864116880377 ], [ 1.091781655108642, 42.026338263967993 ], [ 1.076225274983599, 42.045513614598526 ], [ 1.085107272972916, 42.052308673279498 ], [ 1.097481710702537, 42.061196379693435 ], [ 1.109553501802446, 42.085279955788891 ], [ 1.120337926588622, 42.090194335057568 ], [ 1.137480557913957, 42.117546018555025 ], [ 1.146679865308512, 42.115677674745484 ], [ 1.157138503724547, 42.122924893766779 ], [ 1.167619141809955, 42.119418344591054 ], [ 1.162228776190292, 42.105859111031997 ], [ 1.166990556081454, 42.082465546696376 ], [ 1.19935470516637, 42.08973263787653 ], [ 1.210152336843232, 42.076392483697632 ], [ 1.219991222172029, 42.07989582407793 ], [ 1.225045502386465, 42.070319590879393 ], [ 1.236168515787975, 42.065861988031102 ], [ 1.241865769559114, 42.052998615192422 ], [ 1.232979520288662, 42.045747254301141 ], [ 1.23996380346172, 42.035227334359824 ], [ 1.236790325392773, 42.019796066659815 ], [ 1.24917297420319, 42.00692667233465 ], [ 1.26185859866613, 42.002256154667911 ], [ 1.25964287407588, 41.989631862112454 ], [ 1.263135295276722, 41.973959851518053 ], [ 1.255212462075611, 41.949396639471217 ], [ 1.247584971603597, 41.939805813545675 ], [ 1.260590983747779, 41.942381305434992 ], [ 1.291065696953355, 41.958528061490391 ], [ 1.312645168270487, 41.950111200578959 ], [ 1.307884806638167, 41.933037163926635 ], [ 1.295182411530259, 41.920870770809614 ], [ 1.292657872263951, 41.897957065037644 ], [ 1.283444632541547, 41.877375151809709 ], [ 1.259004380646789, 41.85609424427291 ], [ 1.243773067496905, 41.847432266046262 ], [ 1.224415505446397, 41.819142526606093 ], [ 1.211417241346394, 41.811177238199811 ], [ 1.203150454162346, 41.814920964826193 ], [ 1.18253163415178, 41.79645747385846 ], [ 1.169830406333152, 41.786853006348828 ], [ 1.163485632465496, 41.781473924181242 ], [ 1.139693614052551, 41.786152640593926 ], [ 1.13874487702912, 41.79481949369724 ], [ 1.141602660204363, 41.80837543983931 ], [ 1.15269111177204, 41.817957066106104 ], [ 1.145086523558988, 41.820302238078717 ], [ 1.133669635993996, 41.804644211956379 ], [ 1.098746892322752, 41.811654731332347 ], [ 1.103832647972113, 41.827788220028282 ], [ 1.116207446271227, 41.822173771731734 ], [ 1.124452415197313, 41.833404617015589 ], [ 1.120333113820924, 41.849062389706617 ], [ 1.098759311609821, 41.856794877451783 ], [ 1.075596065132564, 41.823337646416462 ], [ 1.080335982026827, 41.824281598174124 ], [ 1.060660980866436, 41.793167156817645 ], [ 1.03305718740965, 41.768614542584835 ], [ 1.019410308411681, 41.776575842805443 ], [ 1.003856420807315, 41.771425079559208 ], [ 0.987671006102037, 41.774240816509511 ], [ 0.974670656849562, 41.757620649742904 ], [ 0.954055569094993, 41.742430725267084 ], [ 0.960715970786613, 41.732606084330179 ], [ 0.983236783390404, 41.731436597022494 ], [ 0.982276225418576, 41.712956490094292 ], [ 0.974043615096389, 41.706416994384867 ], [ 0.947381848463323, 41.701260319622428 ], [ 0.927699874016365, 41.706400879761958 ], [ 0.915642043361719, 41.719512231656509 ], [ 0.913424268138736, 41.737520799176473 ], [ 0.874066450256797, 41.739392876843354 ] ], [ [ 1.051460050535895, 41.829901525711456 ], [ 1.054646439506691, 41.83761094989503 ], [ 1.06669494778785, 41.835040496217225 ], [ 1.05558576554902, 41.857494822065249 ], [ 1.040372726986251, 41.857020016719474 ], [ 1.020694836559624, 41.849765620582808 ], [ 1.021316986901927, 41.828017074748686 ], [ 1.027028127155593, 41.820063678918565 ], [ 1.051460050535895, 41.829901525711456 ] ] ] } },
{ "type": "Feature", "properties": { "COMARCA_KEY": "24", "id": "172121", "nom": "Vidrà", "comarca": 24, "provincia": 17, "sup": 34.47 }, "geometry": { "type": "Polygon", "coordinates": [ [ [ 2.264359049680188, 41.796448088699783 ], [ 2.245950333891034, 41.781485337660868 ], [ 2.246274259955278, 41.770264826875227 ], [ 2.251657911603053, 41.76253603229268 ], [ 2.250706295296543, 41.749199524160339 ], [ 2.260563616161442, 41.745462440856784 ], [ 2.255784351162941, 41.728156169333275 ], [ 2.240548626665659, 41.729335475085534 ], [ 2.213264930133236, 41.726521862765402 ], [ 2.193914711630337, 41.729792388804647 ], [ 2.184400337830578, 41.742425086571544 ], [ 2.188523193297712, 41.756919452547478 ], [ 2.18596931075838, 41.781958655549829 ], [ 2.185985459468888, 41.786390166626902 ], [ 2.175510148403689, 41.798078458632624 ], [ 2.188525178450367, 41.812113773526235 ], [ 2.196440676201751, 41.835731326277127 ], [ 2.191376938531398, 41.838073589303356 ], [ 2.185982554954557, 41.860768655581353 ], [ 2.179316090723642, 41.852579072293437 ], [ 2.154556501770551, 41.853750495738595 ], [ 2.133927388144082, 41.861234531034668 ], [ 2.132039326620943, 41.874334121218126 ], [ 2.123136902281389, 41.885560942988675 ], [ 2.139009209965074, 41.888365051997539 ], [ 2.144732156368939, 41.900296693569615 ], [ 2.139019054570594, 41.909170637894114 ], [ 2.136460621257491, 41.912916224427356 ], [ 2.106645253223247, 41.903086988351944 ], [ 2.091095174686306, 41.908008702434245 ], [ 2.074908566930771, 41.900061627140019 ], [ 2.0472912221905, 41.897476056290969 ], [ 2.040948909317714, 41.902394950677063 ], [ 2.047923795281189, 41.906830242043569 ], [ 2.033649335213751, 41.913159770825423 ], [ 2.029830879037611, 41.932798089768312 ], [ 2.02318556730753, 41.941442143436795 ], [ 2.030486253843738, 41.956418970666427 ], [ 2.032064228633347, 41.958990159052512 ], [ 2.016820922307224, 41.966246023167152 ], [ 2.00509950122769, 41.964127564303674 ], [ 1.985733634146138, 41.969271971874157 ], [ 1.997799818000732, 41.975592475389334 ], [ 1.994288160763789, 41.987054119198284 ], [ 2.007299074112947, 41.995003063046518 ], [ 2.006982051848997, 42.00762746426868 ], [ 2.015242460871196, 42.016993346715644 ], [ 2.020629726804584, 42.027973324277561 ], [ 1.995568801125035, 42.028441232287477 ], [ 2.006682783883353, 42.05323367477866 ], [ 2.008251309024983, 42.073583752803465 ], [ 2.00826998679813, 42.0848058924133 ], [ 2.013984107508364, 42.093699408840749 ], [ 2.025408327848441, 42.096264757390749 ], [ 2.034910184331788, 42.077323553614441 ], [ 2.042207945092946, 42.092065135027056 ], [ 2.06252630710482, 42.098375292027342 ], [ 2.045387040161915, 42.10423223266784 ], [ 2.053953212779904, 42.1072572706912 ], [ 2.048877591490021, 42.121535422985986 ], [ 2.063488136316987, 42.121763684864213 ], [ 2.071411661036912, 42.129249316963765 ], [ 2.061258938824297, 42.135092866922669 ], [ 2.07045621380326, 42.141634295425902 ], [ 2.092367899886352, 42.144457593221837 ], [ 2.101247725093345, 42.139537991384557 ], [ 2.100601579667154, 42.12362771842843 ], [ 2.12599552515157, 42.112169717346845 ], [ 2.143451731091629, 42.130890510291152 ], [ 2.163433091695323, 42.135090802487092 ], [ 2.186610841696454, 42.13369035189362 ], [ 2.192325691702174, 42.123877751250852 ], [ 2.212323708224139, 42.128772149230706 ], [ 2.20977290829206, 42.139310074385115 ], [ 2.240249869862343, 42.142812267137792 ], [ 2.242462419315594, 42.137909421022187 ], [ 2.268495240162152, 42.142815702287201 ], [ 2.281180039436589, 42.140482168203619 ], [ 2.297373752195432, 42.151228009342915 ], [ 2.277058812058782, 42.1495887298816 ], [ 2.291017330579924, 42.156844896503387 ], [ 2.265005719848292, 42.164102427553509 ], [ 2.296099444751733, 42.165738433510597 ], [ 2.304343652343232, 42.158007237659213 ], [ 2.327828007653396, 42.16245226951019 ], [ 2.34051907369523, 42.169010493224157 ], [ 2.361149696437784, 42.17134279238028 ], [ 2.370982750284802, 42.17602638619752 ], [ 2.385893570787923, 42.166668522845676 ], [ 2.357986587825895, 42.158482078022118 ], [ 2.35067015712193, 42.137672199342177 ], [ 2.381131406057762, 42.123628434117229 ], [ 2.37384478834447, 42.116617929956604 ], [ 2.379875697418, 42.103519292101701 ], [ 2.400176516554115, 42.10281662411689 ], [ 2.394164316639574, 42.086447308868472 ], [ 2.409065090466591, 42.070313317172925 ], [ 2.429378953318821, 42.064237649400845 ], [ 2.450004953435005, 42.077559910119327 ], [ 2.466816287487222, 42.073820488262335 ], [ 2.47634715751712, 42.076152026355977 ], [ 2.494744509383406, 42.061193604550546 ], [ 2.496019953892554, 42.058857512927943 ], [ 2.482369692449743, 42.052077878895773 ], [ 2.492535774007214, 42.038037019388497 ], [ 2.50618705617021, 42.031954078237469 ], [ 2.494429427207329, 42.021671406973482 ], [ 2.498866941609414, 42.001083735370592 ], [ 2.469050063824985, 41.994302801971898 ], [ 2.487452835296043, 41.984947479239587 ], [ 2.479508314381438, 41.982137684622671 ], [ 2.47444374500092, 41.969739452939088 ], [ 2.449368423905776, 41.969279670293716 ], [ 2.428738978034169, 41.968350259157482 ], [ 2.439529375086015, 41.962729238830804 ], [ 2.436352673758816, 41.947996753763583 ], [ 2.442711591923124, 41.940984548873374 ], [ 2.470959536825696, 41.938650340672218 ], [ 2.479834060978646, 41.930224561820445 ], [ 2.481424835206521, 41.915496716213127 ], [ 2.468731795127819, 41.904738652226612 ], [ 2.447472125246252, 41.895379357502954 ], [ 2.443030590713794, 41.887666101254638 ], [ 2.453177088019324, 41.879482643382978 ], [ 2.446832391585023, 41.860537923637153 ], [ 2.417943763805827, 41.849532896126767 ], [ 2.423044325574123, 41.836912995198666 ], [ 2.407792699253484, 41.824279780576589 ], [ 2.411931201827683, 41.806269219201077 ], [ 2.41828223554048, 41.804175922891062 ], [ 2.404633271990223, 41.801367889582757 ], [ 2.382728029294899, 41.808619928898622 ], [ 2.37574328374672, 41.79645887192369 ], [ 2.363057481525805, 41.791543507388823 ], [ 2.365272187205558, 41.769560793490129 ], [ 2.334173969812137, 41.763476205725475 ], [ 2.328138376873871, 41.788498402715092 ], [ 2.303719198518239, 41.798548824441141 ], [ 2.289118797563156, 41.788731933536361 ], [ 2.270706038592006, 41.795047453394282 ], [ 2.266894910959695, 41.804174204927357 ], [ 2.264359049680188, 41.796448088699783 ] ], [ [ 2.389407268901648, 41.878530820051289 ], [ 2.389383166609446, 41.878530691901197 ], [ 2.401460681504382, 41.868020275255503 ], [ 2.389407268901648, 41.878530820051289 ] ] ] } },
{ "type": "Feature", "properties": { "COMARCA_KEY": "25", "id": "252271", "nom": "la Torre de Cabdella", "comarca": 25, "provincia": 25, "sup": 165.27 }, "geometry": { "type": "MultiPolygon", "coordinates": [ [ [ [ 0.711581942239856, 42.052076234884659 ], [ 0.692880095942256, 42.059320547485981 ], [ 0.679854416060189, 42.07452978132703 ], [ 0.684615056931497, 42.092529462228988 ], [ 0.696671233592641, 42.098842096638229 ], [ 0.701442373395187, 42.11873246097737 ], [ 0.698259829640603, 42.126449585851709 ], [ 0.695715603776954, 42.151236244241076 ], [ 0.713802928808972, 42.163161585503708 ], [ 0.697308396908757, 42.172053352551572 ], [ 0.71413039004099, 42.223271824614827 ], [ 0.732855737256195, 42.247814692021549 ], [ 0.743972844613742, 42.285479173135357 ], [ 0.744925858429605, 42.300915404144021 ], [ 0.764916878280365, 42.322884203207352 ], [ 0.743966876899179, 42.326400132518032 ], [ 0.742693861261223, 42.335524639280727 ], [ 0.76204649600036, 42.348385770972342 ], [ 0.776336345055273, 42.341135342916871 ], [ 0.771260688278406, 42.332247388012469 ], [ 0.790932976675896, 42.327801297051522 ], [ 0.815674851552013, 42.314947307496624 ], [ 0.846770138803814, 42.314707169169594 ], [ 0.873765421813851, 42.298568782956146 ], [ 0.886461057380922, 42.304891361811144 ], [ 0.892481948113645, 42.334594571087194 ], [ 0.872812592812579, 42.345578194059186 ], [ 0.862007304846731, 42.367800874837961 ], [ 0.846455219975871, 42.368734428181206 ], [ 0.822022131959508, 42.391885006944612 ], [ 0.833760410039248, 42.403814589052516 ], [ 0.822355180240947, 42.415269438812857 ], [ 0.82964020608234, 42.424629202756044 ], [ 0.855360439874807, 42.42462721013846 ], [ 0.871858379787161, 42.44427845203812 ], [ 0.857565558138541, 42.454800538955219 ], [ 0.866763753030948, 42.461113842958312 ], [ 0.87914316851524, 42.459002273144314 ], [ 0.894068442364312, 42.479593726934112 ], [ 0.921677387386228, 42.484960811183427 ], [ 0.918508475280356, 42.502733893030324 ], [ 0.929612395241985, 42.515128347682307 ], [ 0.945149742483146, 42.517947613030607 ], [ 0.957849078002517, 42.532439160529336 ], [ 0.953729609358863, 42.538525285398684 ], [ 0.972765233861463, 42.551615281964324 ], [ 0.990217849720334, 42.552787343056174 ], [ 0.999416945589759, 42.537819426514098 ], [ 1.012128503779315, 42.540165985731768 ], [ 1.027031033952696, 42.524015864116329 ], [ 1.022906890915288, 42.513498522958848 ], [ 1.030516771233281, 42.50296721526658 ], [ 1.022600744095406, 42.496184866995918 ], [ 1.025443863743276, 42.484724980227647 ], [ 1.016560669618481, 42.46859589902548 ], [ 1.021950307154018, 42.457360213040317 ], [ 1.016560122770642, 42.437022726452163 ], [ 1.028612851811469, 42.42485716267997 ], [ 1.043531811771076, 42.418070536452134 ], [ 1.026711210123058, 42.413405434905918 ], [ 1.019426398101618, 42.397736209641209 ], [ 1.00514503134995, 42.38907732171851 ], [ 0.992437493912501, 42.347916092687484 ], [ 0.97722179815476, 42.338570925891965 ], [ 0.957854727261255, 42.337633128210101 ], [ 0.954987070067867, 42.324992166831002 ], [ 0.974044202594617, 42.313533214453884 ], [ 0.974991025280042, 42.297627958728313 ], [ 0.994347188036705, 42.296239165946162 ], [ 1.03781939862408, 42.281501703782702 ], [ 1.054957924108969, 42.281037281227576 ], [ 1.074329085137993, 42.274952212975961 ], [ 1.085099177153082, 42.277293988614794 ], [ 1.132084246802008, 42.262327040208625 ], [ 1.151104040270081, 42.259519324551945 ], [ 1.15809442001198, 42.245942997084903 ], [ 1.138733616976536, 42.236588501841098 ], [ 1.141585062751972, 42.23027663331743 ], [ 1.156501409518269, 42.219061970214554 ], [ 1.165405082131687, 42.219528976219202 ], [ 1.168241539960224, 42.201040218755274 ], [ 1.161576594450284, 42.190288592828587 ], [ 1.181896521949529, 42.181876791810538 ], [ 1.186345620741481, 42.171104088257586 ], [ 1.173328500636859, 42.153101740565042 ], [ 1.160626170956435, 42.15122362782175 ], [ 1.155237029187375, 42.135088438473097 ], [ 1.157138503724547, 42.122924893766779 ], [ 1.146679865308512, 42.115677674745484 ], [ 1.137480557913957, 42.117546018555025 ], [ 1.120337926588622, 42.090194335057568 ], [ 1.109553501802446, 42.085279955788891 ], [ 1.097481710702537, 42.061196379693435 ], [ 1.085107272972916, 42.052308673279498 ], [ 1.076225274983599, 42.045513614598526 ], [ 1.091781655108642, 42.026338263967993 ], [ 1.083518941439245, 42.007864116880377 ], [ 1.074950550677362, 42.005289040105794 ], [ 1.067963907478513, 42.036638911993585 ], [ 1.028308970342072, 42.030560678754419 ], [ 1.021329441462616, 42.033592645903127 ], [ 1.008628738465015, 42.02096257397487 ], [ 0.959133665064613, 42.020957461546487 ], [ 0.921347540053319, 42.02190020848586 ], [ 0.888028203870428, 42.040384393895074 ], [ 0.88931016046297, 42.041074427132017 ], [ 0.849638669795488, 42.035924792409745 ], [ 0.836617134489319, 42.039444466585167 ], [ 0.79790878204714, 42.04294077665638 ], [ 0.762365292379063, 42.040145626641028 ], [ 0.743643971804818, 42.052297088412608 ], [ 0.711581942239856, 42.052076234884659 ] ], [ [ 0.975931736240061, 42.114971212324285 ], [ 0.975931163206129, 42.114989214036001 ], [ 0.972322781253252, 42.113592607488584 ], [ 0.975931736240061, 42.114971212324285 ] ] ], [ [ [ 0.809343757345963, 42.35751262383382 ], [ 0.795376256499757, 42.347212667946238 ], [ 0.765866153739351, 42.348856537680113 ], [ 0.761108241693048, 42.35703070360622 ], [ 0.770313839914312, 42.375509259982444 ], [ 0.790605626307149, 42.373182636862374 ], [ 0.809343757345963, 42.35751262383382 ] ] ] ] } },
{ "type": "Feature", "properties": { "COMARCA_KEY": "26", "id": "250241", "nom": "Alt Àneu", "comarca": 26, "provincia": 25, "sup": 217.78 }, "geometry": { "type": "Polygon", "coordinates": [ [ [ 0.974044202594617, 42.313533214453884 ], [ 0.954987070067867, 42.324992166831002 ], [ 0.957854727261255, 42.337633128210101 ], [ 0.97722179815476, 42.338570925891965 ], [ 0.992437493912501, 42.347916092687484 ], [ 1.00514503134995, 42.38907732171851 ], [ 1.019426398101618, 42.397736209641209 ], [ 1.026711210123058, 42.413405434905918 ], [ 1.043531811771076, 42.418070536452134 ], [ 1.028612851811469, 42.42485716267997 ], [ 1.016560122770642, 42.437022726452163 ], [ 1.021950307154018, 42.457360213040317 ], [ 1.016560669618481, 42.46859589902548 ], [ 1.025443863743276, 42.484724980227647 ], [ 1.022600744095406, 42.496184866995918 ], [ 1.030516771233281, 42.50296721526658 ], [ 1.022906890915288, 42.513498522958848 ], [ 1.027031033952696, 42.524015864116329 ], [ 1.012128503779315, 42.540165985731768 ], [ 0.999416945589759, 42.537819426514098 ], [ 0.990217849720334, 42.552787343056174 ], [ 0.972765233861463, 42.551615281964324 ], [ 0.969276712886144, 42.574300851489369 ], [ 0.942621580366115, 42.58084925520123 ], [ 0.937550310918155, 42.589042871986386 ], [ 0.965148768276547, 42.603062408829985 ], [ 0.969278576771258, 42.614770463547032 ], [ 0.958809902729438, 42.62247291780065 ], [ 0.970874152977492, 42.640715715484589 ], [ 0.980392872883484, 42.676742544085428 ], [ 0.986721387032666, 42.682581257454906 ], [ 0.976579720715298, 42.691947918924903 ], [ 0.993398738761304, 42.700366521960461 ], [ 1.005147294639723, 42.713214986552885 ], [ 1.027995674761131, 42.709720588078341 ], [ 1.02228367077628, 42.726551653729047 ], [ 1.030215350878307, 42.73450480507649 ], [ 1.027033320882354, 42.743166924689902 ], [ 1.033050854866157, 42.755319239689534 ], [ 1.026716628023711, 42.767006839787484 ], [ 1.037191271167583, 42.785953384227476 ], [ 1.043857418527224, 42.780808559496904 ], [ 1.074011472399128, 42.782922748786497 ], [ 1.078759738467181, 42.788297494008241 ], [ 1.087016524004149, 42.778242068986899 ], [ 1.109233716835812, 42.771227023560201 ], [ 1.13269845303251, 42.750180052711308 ], [ 1.13269883573778, 42.728189562688321 ], [ 1.171119423117085, 42.707611559043393 ], [ 1.177782180861441, 42.712760683389796 ], [ 1.228871279546504, 42.727484336735351 ], [ 1.250762950782986, 42.719536100362774 ], [ 1.252672422011737, 42.714162136794315 ], [ 1.275207763347727, 42.718844313372465 ], [ 1.316456393106799, 42.719061983219859 ], [ 1.334851359435565, 42.724445925685352 ], [ 1.337718984697831, 42.718598175697437 ], [ 1.357063346213399, 42.719543747637218 ], [ 1.352319262562255, 42.700366452619612 ], [ 1.376755528462491, 42.694988094965552 ], [ 1.389748717452149, 42.6853917927724 ], [ 1.387230446042784, 42.668552456010559 ], [ 1.396095808698494, 42.668316744940185 ], [ 1.413561850679796, 42.655214113160412 ], [ 1.420230288955356, 42.625048242674445 ], [ 1.442765510090502, 42.598628752268539 ], [ 1.426569932018271, 42.582485807364563 ], [ 1.442448518896557, 42.572202426003273 ], [ 1.440227457027895, 42.563544952821978 ], [ 1.422750629834305, 42.555128681175148 ], [ 1.413564353865471, 42.535009613461064 ], [ 1.407520048327254, 42.52752321653135 ], [ 1.394832848802973, 42.526589703027575 ], [ 1.385308630696535, 42.514424478934004 ], [ 1.362788234912589, 42.519111958758444 ], [ 1.364366357567905, 42.493144497696633 ], [ 1.35834993676303, 42.484034876661099 ], [ 1.345338748710897, 42.480983952862651 ], [ 1.340246785214558, 42.467419948170985 ], [ 1.320253434535421, 42.445443127918153 ], [ 1.310740876560543, 42.450112290807823 ], [ 1.28662355860309, 42.448007143501002 ], [ 1.269802548879498, 42.442405080153222 ], [ 1.255832744297717, 42.452459670955207 ], [ 1.252037660900823, 42.442873937551276 ], [ 1.26154109858967, 42.420180280640999 ], [ 1.246008569673612, 42.413171375778965 ], [ 1.245057270936582, 42.386265948896359 ], [ 1.236161545095017, 42.369901167037135 ], [ 1.187927183180502, 42.348615791242125 ], [ 1.171749010316104, 42.3287444730746 ], [ 1.158734808027778, 42.307228625525404 ], [ 1.135256461426686, 42.307695656772047 ], [ 1.122248021365065, 42.295523706047291 ], [ 1.155551410566076, 42.280790584961537 ], [ 1.158089178011534, 42.270276606474766 ], [ 1.151104040270081, 42.259519324551945 ], [ 1.132084246802008, 42.262327040208625 ], [ 1.085099177153082, 42.277293988614794 ], [ 1.074329085137993, 42.274952212975961 ], [ 1.054957924108969, 42.281037281227576 ], [ 1.03781939862408, 42.281501703782702 ], [ 0.994347188036705, 42.296239165946162 ], [ 0.974991025280042, 42.297627958728313 ], [ 0.974044202594617, 42.313533214453884 ] ] ] } },
{ "type": "Feature", "properties": { "COMARCA_KEY": "27", "id": "250523", "nom": "Bellvís", "comarca": 27, "provincia": 25, "sup": 46.41 }, "geometry": { "type": "MultiPolygon", "coordinates": [ [ [ [ 0.860430896007483, 41.575438170065134 ], [ 0.852814405990291, 41.571459323932871 ], [ 0.838208020017575, 41.564214423362614 ], [ 0.830601364879271, 41.57077197975827 ], [ 0.806806708792885, 41.571473202166338 ], [ 0.77950201319458, 41.567490384276766 ], [ 0.775690808103148, 41.549241493157297 ], [ 0.76459598967631, 41.551115760504345 ], [ 0.764594106054575, 41.556735801589603 ], [ 0.732227401804901, 41.566783421365919 ], [ 0.732863478753868, 41.571227164632184 ], [ 0.742049354462818, 41.585025817151887 ], [ 0.761098007250865, 41.587830266617885 ], [ 0.748085394319941, 41.628771510923279 ], [ 0.729042806775761, 41.633674462275664 ], [ 0.728735126365007, 41.637649208946421 ], [ 0.736674404132216, 41.658466539456015 ], [ 0.764261798086658, 41.66502299631194 ], [ 0.763645361795982, 41.685599565024624 ], [ 0.776324503740643, 41.687935181953989 ], [ 0.774752206058629, 41.697991854241046 ], [ 0.794741044911141, 41.703132703260344 ], [ 0.809650056485271, 41.700103622750149 ], [ 0.81187413416317, 41.713187226554723 ], [ 0.829959492115305, 41.712251423738849 ], [ 0.840749912621101, 41.70804164688353 ], [ 0.856930312392607, 41.710848442502666 ], [ 0.865823927673815, 41.723947199658298 ], [ 0.852809369115741, 41.725595979934688 ], [ 0.863911528700307, 41.741023744183863 ], [ 0.874066450256797, 41.739392876843354 ], [ 0.913424268138736, 41.737520799176473 ], [ 0.915642043361719, 41.719512231656509 ], [ 0.927699874016365, 41.706400879761958 ], [ 0.947381848463323, 41.701260319622428 ], [ 0.974043615096389, 41.706416994384867 ], [ 0.998463018504913, 41.697982677969392 ], [ 1.022581685886719, 41.712486542546657 ], [ 1.028304952373545, 41.710855671962051 ], [ 0.997831733833069, 41.691216798312936 ], [ 1.00893477306121, 41.688869928820516 ], [ 1.019420722776682, 41.695643959120744 ], [ 1.028629160944152, 41.692379867191697 ], [ 1.03432382757891, 41.69004568223081 ], [ 1.036244267192952, 41.679054515894869 ], [ 1.025442418074, 41.670853545132985 ], [ 1.005460757111253, 41.677641575011641 ], [ 0.999736207504899, 41.670859200928561 ], [ 1.007049323946123, 41.66898683765131 ], [ 1.001009624327411, 41.651445221803044 ], [ 0.991176908538268, 41.650985523753768 ], [ 0.982611795919854, 41.635308136695038 ], [ 0.969284205440872, 41.629237113355757 ], [ 0.969900184721572, 41.61496355066307 ], [ 0.978166791962849, 41.599293679807701 ], [ 0.973408302458421, 41.58878018974881 ], [ 0.964520206251493, 41.57918416116356 ], [ 0.952465608646184, 41.584103816055524 ], [ 0.922955544454039, 41.587843411134521 ], [ 0.917543650524352, 41.589006397961285 ], [ 0.888991346389357, 41.574273078306639 ], [ 0.882005812149429, 41.581764129697291 ], [ 0.882328828955731, 41.583625437903692 ], [ 0.860430896007483, 41.575438170065134 ] ], [ [ 0.796959565397151, 41.58947804021259 ], [ 0.81599847629933, 41.614735435351811 ], [ 0.78141055511126, 41.609119266141306 ], [ 0.766184455297549, 41.587136680985353 ], [ 0.779197484901951, 41.579877470601559 ], [ 0.796959565397151, 41.58947804021259 ] ] ], [ [ [ 1.058774148432601, 41.680914478711685 ], [ 1.054952124779385, 41.682561082215202 ], [ 1.0787568417628, 41.702199637913864 ], [ 1.099080852854156, 41.705005532433361 ], [ 1.10064676173449, 41.702437544611961 ], [ 1.072423570278622, 41.684891028443914 ], [ 1.058774148432601, 41.680914478711685 ] ] ] ] } },
{ "type": "Feature", "properties": { "COMARCA_KEY": "28", "id": "170583", "nom": "Crespià", "comarca": 28, "provincia": 17, "sup": 11.31 }, "geometry": { "type": "Polygon", "coordinates": [ [ [ 2.729262705959271, 42.079206951796735 ], [ 2.732136708167461, 42.085752434943892 ], [ 2.71530202780563, 42.092070506575674 ], [ 2.691186903296991, 42.092764693161357 ], [ 2.67753986449728, 42.0845852692403 ], [ 2.635980152551077, 42.087379077309244 ], [ 2.651205612477706, 42.102359141836494 ], [ 2.657554166176523, 42.118247676110748 ], [ 2.665800266173658, 42.123639840215155 ], [ 2.654382280082207, 42.136503247647276 ], [ 2.656911006566067, 42.143283672882539 ], [ 2.658175525248202, 42.155680275595515 ], [ 2.668666164207983, 42.15871919018609 ], [ 2.666443593230436, 42.176257195004034 ], [ 2.675646675194713, 42.171348087465411 ], [ 2.704522622648936, 42.173911853094779 ], [ 2.723865245043706, 42.186316784111327 ], [ 2.74101185135861, 42.18070077472597 ], [ 2.760050267255182, 42.186308111374245 ], [ 2.769267093411925, 42.189353157423639 ], [ 2.770840625370391, 42.189590476838511 ], [ 2.766405765955007, 42.203379261675451 ], [ 2.779094652187238, 42.212032466191459 ], [ 2.786070162954711, 42.19848214185523 ], [ 2.806384153780975, 42.201976663146361 ], [ 2.834948649122337, 42.201282797272839 ], [ 2.834949867955255, 42.200814468964687 ], [ 2.827972593416072, 42.183043673435272 ], [ 2.847645727177832, 42.179991305062003 ], [ 2.860977062546848, 42.19683213057273 ], [ 2.879051466680624, 42.195195440839356 ], [ 2.87619167683985, 42.183502125213032 ], [ 2.889835165358351, 42.178832719942108 ], [ 2.898410491901001, 42.162214823737763 ], [ 2.888256643024581, 42.153811402843317 ], [ 2.901280243274845, 42.138368303108827 ], [ 2.898404426604997, 42.120587036052505 ], [ 2.904129631608858, 42.110540725602782 ], [ 2.893659495501886, 42.093239009612539 ], [ 2.896499008996765, 42.08715319537653 ], [ 2.893333960227837, 42.071010574692771 ], [ 2.884760658849284, 42.065868548208222 ], [ 2.874921666496543, 42.065876260255848 ], [ 2.856835555394846, 42.078266152148679 ], [ 2.858741771592811, 42.069135873754355 ], [ 2.843524816589138, 42.053714905129809 ], [ 2.830180606924786, 42.054650634009441 ], [ 2.836211473525108, 42.040374948651404 ], [ 2.807657220310125, 42.037574630192452 ], [ 2.799411646959191, 42.031724234885985 ], [ 2.780355532722302, 42.043650118116517 ], [ 2.779099441494551, 42.057445789800326 ], [ 2.767662221070414, 42.05861207382587 ], [ 2.756879117394539, 42.071955468265301 ], [ 2.729262705959271, 42.079206951796735 ] ] ] } },
{ "type": "Feature", "properties": { "COMARCA_KEY": "29", "id": "431573", "nom": "Ulldemolins", "comarca": 29, "provincia": 43, "sup": 38.14 }, "geometry": { "type": "Polygon", "coordinates": [ [ [ 0.712545616003882, 41.116594956221597 ], [ 0.699523810977574, 41.125234513412451 ], [ 0.696996799603865, 41.134136998915153 ], [ 0.688423587010785, 41.150970450777756 ], [ 0.676689186461457, 41.163362049317428 ], [ 0.677648037750767, 41.171307535219256 ], [ 0.65859188535359, 41.185584836048754 ], [ 0.667488457537561, 41.189548367833872 ], [ 0.686830416414267, 41.20031468066729 ], [ 0.705872168190506, 41.21575538684332 ], [ 0.685877775562997, 41.224632241462089 ], [ 0.686213394127999, 41.229322579992854 ], [ 0.684609775065661, 41.245682869544261 ], [ 0.700489717699789, 41.26041228492781 ], [ 0.699221969219589, 41.276797446440192 ], [ 0.712854894812528, 41.296668135951869 ], [ 0.712872741299868, 41.30299128648285 ], [ 0.738883984105073, 41.308603292309392 ], [ 0.751885212136896, 41.318189162435978 ], [ 0.753491246948141, 41.328470310570978 ], [ 0.768084102356381, 41.333618039311226 ], [ 0.812501168699617, 41.326833373314997 ], [ 0.81947979899524, 41.328244830629608 ], [ 0.829007335884681, 41.357246987792614 ], [ 0.844879933934446, 41.36239114317079 ], [ 0.847102891496603, 41.354434678597563 ], [ 0.86327395950388, 41.338055431648684 ], [ 0.904848867039259, 41.347412699717275 ], [ 0.907387512727261, 41.326364668292385 ], [ 0.935323642787477, 41.320294301544948 ], [ 0.944196101703724, 41.304853062740754 ], [ 0.945160522197002, 41.290116798975752 ], [ 0.960718607074736, 41.299004289280731 ], [ 0.973709354325261, 41.295270687389419 ], [ 0.969283922089714, 41.274692628421654 ], [ 0.975303059583798, 41.259955019596553 ], [ 0.970864118974097, 41.262993292521529 ], [ 0.943249171730916, 41.244506953849069 ], [ 0.909931933802369, 41.23772789967223 ], [ 0.921362346724164, 41.213651770581528 ], [ 0.922633473605846, 41.202884187565211 ], [ 0.90612522073385, 41.193992302430871 ], [ 0.880105980545107, 41.194002486184893 ], [ 0.879793078761708, 41.183008044677045 ], [ 0.907080040279955, 41.179742359934501 ], [ 0.899454408396771, 41.15423932035592 ], [ 0.889307586451429, 41.132490564664877 ], [ 0.884856218231194, 41.117528984835744 ], [ 0.877873651101781, 41.110969372511967 ], [ 0.853752093844604, 41.110035959361817 ], [ 0.83249504603742, 41.121959644677148 ], [ 0.826473392094748, 41.119630381119634 ], [ 0.830605009186084, 41.114249944858862 ], [ 0.84264885166436, 41.099974619611714 ], [ 0.825833032293592, 41.097172402774738 ], [ 0.820125766115927, 41.088291508614709 ], [ 0.825844772968054, 41.076600161761277 ], [ 0.806166060213024, 41.065598502119471 ], [ 0.786486726845019, 41.078930946534399 ], [ 0.769671528286346, 41.083380349634737 ], [ 0.767116749342727, 41.092734319422441 ], [ 0.753489625998705, 41.085948131868385 ], [ 0.733490788938921, 41.101156627027784 ], [ 0.712539202296406, 41.105119807965053 ], [ 0.712545616003882, 41.116594956221597 ] ] ] } },
{ "type": "Feature", "properties": { "COMARCA_KEY": "3", "id": "81228", "nom": "Mediona", "comarca": 3, "provincia": 8, "sup": 47.72 }, "geometry": { "type": "Polygon", "coordinates": [ [ [ 1.601754636230293, 41.234699370306728 ], [ 1.593498919377743, 41.233517904901205 ], [ 1.579219022148633, 41.240548561399329 ], [ 1.570002875477177, 41.260413030300001 ], [ 1.593492375668217, 41.258306446331851 ], [ 1.612205300228633, 41.250588960175762 ], [ 1.627443627970443, 41.269543262110197 ], [ 1.620471146989364, 41.277494571365011 ], [ 1.6293564532502, 41.283113283908556 ], [ 1.62744955085909, 41.294331854607059 ], [ 1.612217136253824, 41.28497962492937 ], [ 1.59127308946559, 41.292687762035172 ], [ 1.595407296510494, 41.309293913399316 ], [ 1.578262684153221, 41.31654151098877 ], [ 1.56652115310231, 41.338770137902635 ], [ 1.559210063397154, 41.342966321753302 ], [ 1.579219620472234, 41.356077592399615 ], [ 1.563356486459947, 41.369643787931246 ], [ 1.5512769947714, 41.368699682861681 ], [ 1.537321880144205, 41.385312676532763 ], [ 1.509085215537031, 41.394191646486355 ], [ 1.485588192667269, 41.382031219910552 ], [ 1.473218432485408, 41.380156353558888 ], [ 1.482103561014234, 41.398162271200988 ], [ 1.490669665039375, 41.401211329619429 ], [ 1.477667284852812, 41.423197685390917 ], [ 1.495434656123924, 41.436293697600114 ], [ 1.502405395784235, 41.428800629851139 ], [ 1.511609196338384, 41.435585403163095 ], [ 1.535428560658883, 41.43980027519742 ], [ 1.536371516790611, 41.444712181318785 ], [ 1.563674480195661, 41.450784939802858 ], [ 1.572242692626409, 41.443307569509692 ], [ 1.594455970626405, 41.451255289352488 ], [ 1.570318243640018, 41.472070578428976 ], [ 1.570971561877017, 41.480491369031064 ], [ 1.582692100688251, 41.490075888541959 ], [ 1.600158975014033, 41.493352258865848 ], [ 1.605871089954374, 41.513003126690975 ], [ 1.614762750812048, 41.513002500874499 ], [ 1.641095369634157, 41.506453277208848 ], [ 1.680123695500127, 41.506925877083354 ], [ 1.702350275960776, 41.473942339123639 ], [ 1.711864484224883, 41.467636155919614 ], [ 1.746767912723289, 41.458510124458677 ], [ 1.749002571282004, 41.453130098680745 ], [ 1.768974673197611, 41.445419184984317 ], [ 1.776295695732521, 41.450793581890096 ], [ 1.774055525248095, 41.462947547784815 ], [ 1.798174231195208, 41.466696911393754 ], [ 1.792467986328812, 41.473482655354736 ], [ 1.806440770555066, 41.473016014850089 ], [ 1.810247525888414, 41.480963820611045 ], [ 1.824198107417491, 41.484457985368344 ], [ 1.837538728526827, 41.498032399326306 ], [ 1.871478095332684, 41.476753038580654 ], [ 1.874971749201844, 41.457565711378571 ], [ 1.876879976424756, 41.455224445634009 ], [ 1.894658050446736, 41.437688254595635 ], [ 1.89466520059864, 41.430212225688116 ], [ 1.881011460843087, 41.411272852349803 ], [ 1.884804541428995, 41.40776077551223 ], [ 1.875610084649462, 41.398393675537804 ], [ 1.877198475256226, 41.38950987633978 ], [ 1.868950299353292, 41.386474659902319 ], [ 1.870546580402441, 41.379932943474891 ], [ 1.88830164949309, 41.371044382489352 ], [ 1.897836983571555, 41.354436289819894 ], [ 1.882289108442738, 41.343675524454916 ], [ 1.872766972235812, 41.344141109845019 ], [ 1.852122294769762, 41.31911240973141 ], [ 1.847992224511461, 41.318890993663693 ], [ 1.789608888289107, 41.323101782575939 ], [ 1.777861858885253, 41.328940576890652 ], [ 1.768346851869969, 41.324029156642013 ], [ 1.765484643978366, 41.312342826495275 ], [ 1.754696994329716, 41.300408794201104 ], [ 1.743269379249032, 41.297131964882418 ], [ 1.721712155523572, 41.301344262241187 ], [ 1.703297384182634, 41.299949284067523 ], [ 1.703928032995939, 41.292227975751196 ], [ 1.69313073845696, 41.280306085670709 ], [ 1.690595840013213, 41.272116486010084 ], [ 1.671552813280655, 41.255036240478084 ], [ 1.668696470949939, 41.245221071763673 ], [ 1.641098171381873, 41.235152468822207 ], [ 1.630306921316479, 41.22392730457365 ], [ 1.621726748360878, 41.223464608242978 ], [ 1.601754636230293, 41.234699370306728 ] ], [ [ 1.642057632775249, 41.312105654578879 ], [ 1.642047913535311, 41.312573925698075 ], [ 1.632853389938395, 41.313509929855066 ], [ 1.642057632775249, 41.312105654578879 ] ] ] } },
{ "type": "Feature", "properties": { "COMARCA_KEY": "30", "id": "431251", "nom": "Riba-roja d'Ebre", "comarca": 30, "provincia": 43, "sup": 99.14 }, "geometry": { "type": "Polygon", "coordinates": [ [ [ 0.608133451432389, 40.930890652552186 ], [ 0.596399434980048, 40.94071657740384 ], [ 0.585931445759334, 40.940479752853939 ], [ 0.592908697657826, 40.949831050163567 ], [ 0.578000918198385, 40.968307613487084 ], [ 0.584343440568112, 40.975556404413901 ], [ 0.564968838848395, 40.984678104858993 ], [ 0.573537656224015, 41.000585300850986 ], [ 0.557682200585259, 41.01462555406718 ], [ 0.570370130125263, 41.018838953894395 ], [ 0.547523846196264, 41.037774004545945 ], [ 0.544675372273674, 41.050395199797215 ], [ 0.527539963648811, 41.055540910277713 ], [ 0.526904516587269, 41.062336544967629 ], [ 0.502455444616855, 41.059989532165474 ], [ 0.500239491694036, 41.062571486129286 ], [ 0.51228844503887, 41.069353421198755 ], [ 0.532939007351175, 41.090621739847684 ], [ 0.536745882761038, 41.098341124693334 ], [ 0.553557786322778, 41.118226582526205 ], [ 0.527544698596931, 41.125236726816901 ], [ 0.516101743129873, 41.133655047330393 ], [ 0.493255519180293, 41.136708577533362 ], [ 0.487861860847207, 41.144426962647515 ], [ 0.501505675563895, 41.162899676914719 ], [ 0.494844224687502, 41.196332242310618 ], [ 0.481514797891672, 41.203120656886178 ], [ 0.458658726636447, 41.204527665052069 ], [ 0.458035139628739, 41.212007490840882 ], [ 0.429794290679178, 41.228384872186936 ], [ 0.402178197090153, 41.215984040254376 ], [ 0.387576664839295, 41.21363600660662 ], [ 0.366961202829839, 41.206627348644531 ], [ 0.371725342995541, 41.230009391818854 ], [ 0.378384115135621, 41.237726849782696 ], [ 0.373629020146768, 41.249200907272694 ], [ 0.385350972618137, 41.278433066079998 ], [ 0.422800263305714, 41.273982182763909 ], [ 0.433276705046769, 41.276558103490181 ], [ 0.435810077961925, 41.29783416113824 ], [ 0.432019791699225, 41.311637764292499 ], [ 0.441226909173877, 41.325442859597679 ], [ 0.461214052480234, 41.335018406048569 ], [ 0.469469971970614, 41.331039294624546 ], [ 0.497070679822335, 41.30298410998784 ], [ 0.50308830437258, 41.289893105165092 ], [ 0.527855863654785, 41.291760962060366 ], [ 0.542134784482916, 41.31092689648338 ], [ 0.545309214789904, 41.323099636907287 ], [ 0.554505716194601, 41.326375791950269 ], [ 0.579896127104934, 41.3195813210137 ], [ 0.586550174969004, 41.306967614683906 ], [ 0.596708442078167, 41.293165792980993 ], [ 0.614157523346751, 41.290826931302071 ], [ 0.661457682024557, 41.303218663580367 ], [ 0.669696478970063, 41.309996814127679 ], [ 0.690637178349965, 41.312346519560833 ], [ 0.696043796461722, 41.313499709353891 ], [ 0.724292005494695, 41.313269343638069 ], [ 0.751885212136896, 41.318189162435978 ], [ 0.738883984105073, 41.308603292309392 ], [ 0.712872741299868, 41.30299128648285 ], [ 0.712854894812528, 41.296668135951869 ], [ 0.699221969219589, 41.276797446440192 ], [ 0.700489717699789, 41.26041228492781 ], [ 0.684609775065661, 41.245682869544261 ], [ 0.686213394127999, 41.229322579992854 ], [ 0.685877775562997, 41.224632241462089 ], [ 0.705872168190506, 41.21575538684332 ], [ 0.686830416414267, 41.20031468066729 ], [ 0.667488457537561, 41.189548367833872 ], [ 0.65859188535359, 41.185584836048754 ], [ 0.677648037750767, 41.171307535219256 ], [ 0.676689186461457, 41.163362049317428 ], [ 0.688423587010785, 41.150970450777756 ], [ 0.696996799603865, 41.134136998915153 ], [ 0.699523810977574, 41.125234513412451 ], [ 0.712545616003882, 41.116594956221597 ], [ 0.712539202296406, 41.105119807965053 ], [ 0.733490788938921, 41.101156627027784 ], [ 0.753489625998705, 41.085948131868385 ], [ 0.767116749342727, 41.092734319422441 ], [ 0.769671528286346, 41.083380349634737 ], [ 0.786486726845019, 41.078930946534399 ], [ 0.806166060213024, 41.065598502119471 ], [ 0.825844772968054, 41.076600161761277 ], [ 0.820125766115927, 41.088291508614709 ], [ 0.825833032293592, 41.097172402774738 ], [ 0.84264885166436, 41.099974619611714 ], [ 0.861071532185854, 41.093670918256151 ], [ 0.87374789721554, 41.084556125281416 ], [ 0.857891314872943, 41.084550537314087 ], [ 0.851531612211864, 41.076595782678758 ], [ 0.857245984001679, 41.066307861399814 ], [ 0.852495562720363, 41.056491547365624 ], [ 0.83503894167411, 41.052507829784453 ], [ 0.816953098631411, 41.061858285360032 ], [ 0.806483548149974, 41.054615730941705 ], [ 0.796329444997086, 41.039415863612817 ], [ 0.780449028598324, 41.028410378377771 ], [ 0.784908120458868, 41.016030155894711 ], [ 0.774755900033004, 40.996847182727819 ], [ 0.797595389718569, 40.966444941300217 ], [ 0.803305461506766, 40.952646567576203 ], [ 0.819174508703938, 40.94048172806567 ], [ 0.789334584729617, 40.938381971648532 ], [ 0.750312046489129, 40.931826131255519 ], [ 0.740151484741665, 40.938617047806368 ], [ 0.698273146854823, 40.943985283668113 ], [ 0.684290815911311, 40.940948943531879 ], [ 0.666224592169387, 40.943286685297856 ], [ 0.608133451432389, 40.930890652552186 ] ] ] } },
{ "type": "Feature", "properties": { "COMARCA_KEY": "31", "id": "171925", "nom": "Setcases", "comarca": 31, "provincia": 17, "sup": 48.9 }, "geometry": { "type": "MultiPolygon", "coordinates": [ [ [ [ 2.002222828676411, 42.125029921494175 ], [ 2.021599527690295, 42.126907997020098 ], [ 2.015242367515647, 42.107724129150199 ], [ 2.007620167329945, 42.106325517546665 ], [ 2.002222828676411, 42.125029921494175 ] ] ], [ [ [ 2.163433091695323, 42.135090802487092 ], [ 2.143451731091629, 42.130890510291152 ], [ 2.12599552515157, 42.112169717346845 ], [ 2.100601579667154, 42.12362771842843 ], [ 2.101247725093345, 42.139537991384557 ], [ 2.092367899886352, 42.144457593221837 ], [ 2.07045621380326, 42.141634295425902 ], [ 2.061258938824297, 42.135092866922669 ], [ 2.05141169550552, 42.143045513720786 ], [ 2.037449737399135, 42.142821148776633 ], [ 2.032069617822612, 42.151223799115655 ], [ 2.004136614200366, 42.149597758088795 ], [ 2.005726253572083, 42.15474513166896 ], [ 1.990481450961993, 42.171111482505871 ], [ 1.991759582807789, 42.182110347690589 ], [ 1.965418971736949, 42.178597536073518 ], [ 1.96477598180516, 42.198711638922198 ], [ 2.007616643441197, 42.193326296057336 ], [ 1.997791293057579, 42.191223477168066 ], [ 2.00540777712142, 42.182805893937022 ], [ 1.995894390608807, 42.171807440159547 ], [ 2.004782229665969, 42.162464335018328 ], [ 2.027939689788077, 42.166427517707874 ], [ 2.037786229106564, 42.178128615691541 ], [ 2.05617043018256, 42.174624803006225 ], [ 2.063480750633959, 42.1912202076198 ], [ 2.052691033397439, 42.195202430977261 ], [ 2.053009599254615, 42.21928769138956 ], [ 2.030167116791591, 42.215548379940259 ], [ 2.017147088219808, 42.23168470868638 ], [ 2.02477470953247, 42.23214609068097 ], [ 2.029214111381251, 42.250862529262193 ], [ 2.042543046179618, 42.26886076535974 ], [ 2.069186992180271, 42.290856896123721 ], [ 2.050793490153517, 42.296001697329416 ], [ 2.019059445492506, 42.310036250528412 ], [ 1.992708848920655, 42.300675658275999 ], [ 1.969547538164582, 42.303009566012982 ], [ 1.955278501704548, 42.311904500712849 ], [ 1.961937153446361, 42.332012375850837 ], [ 1.988280001225183, 42.331779538496875 ], [ 1.987950703591848, 42.343232267997834 ], [ 2.001909429128217, 42.341841626028234 ], [ 2.016202886950151, 42.34697249998861 ], [ 2.023495431513991, 42.355860714654796 ], [ 2.059034258290819, 42.358445425461646 ], [ 2.072680450925633, 42.365221043529552 ], [ 2.085066460770812, 42.361952320017842 ], [ 2.086961464327061, 42.363588505246838 ], [ 2.088880729523597, 42.373636436093356 ], [ 2.117119247396433, 42.383223591620052 ], [ 2.130447399835727, 42.413873621509644 ], [ 2.167571366590354, 42.424397958234195 ], [ 2.180590377732776, 42.41784539498326 ], [ 2.20597776032153, 42.417141479308548 ], [ 2.233897414262579, 42.426031200545033 ], [ 2.246263017843623, 42.428832966331292 ], [ 2.257063505653548, 42.438665888540598 ], [ 2.298309851572497, 42.422985315131235 ], [ 2.306875774538368, 42.428837252935111 ], [ 2.323699656113764, 42.417608271006422 ], [ 2.343691244719431, 42.416679781857546 ], [ 2.345278656115043, 42.408961742972231 ], [ 2.3719286742738, 42.400537159098995 ], [ 2.414783344632293, 42.391649864074516 ], [ 2.432551166522072, 42.393756532297061 ], [ 2.433500243496034, 42.377388283087313 ], [ 2.4541435970232, 42.369671184105997 ], [ 2.457624965568941, 42.363113287730414 ], [ 2.466194099955724, 42.360775904286342 ], [ 2.483003257737555, 42.33972466525136 ], [ 2.499826830603188, 42.343005457021825 ], [ 2.52648564269448, 42.333410066636361 ], [ 2.51981085931815, 42.326861879367314 ], [ 2.52806205002754, 42.301138564517927 ], [ 2.523936532697108, 42.291556958647746 ], [ 2.554084543812031, 42.289210452764245 ], [ 2.530918492897447, 42.279157189003278 ], [ 2.508708205463882, 42.281261705461382 ], [ 2.503945687042767, 42.303954775961714 ], [ 2.496660466364169, 42.29857337173005 ], [ 2.479833800136241, 42.303019373219975 ], [ 2.485243631896121, 42.288273670714382 ], [ 2.463024833336014, 42.279399765166787 ], [ 2.441434146620343, 42.285240720141999 ], [ 2.415414481224736, 42.286876246758631 ], [ 2.40621768607168, 42.274256371258517 ], [ 2.388440373146713, 42.271677243209275 ], [ 2.375750397290301, 42.264890251804765 ], [ 2.383362115812832, 42.252737022835007 ], [ 2.351005661438817, 42.244542960270529 ], [ 2.343696509303462, 42.241042977719736 ], [ 2.348148699669957, 42.227703105250299 ], [ 2.374789659290646, 42.229580613427494 ], [ 2.367496137926161, 42.214842404066921 ], [ 2.332599447583541, 42.210627873935465 ], [ 2.360202766570424, 42.188413513465157 ], [ 2.361149696437784, 42.17134279238028 ], [ 2.34051907369523, 42.169010493224157 ], [ 2.327828007653396, 42.16245226951019 ], [ 2.304343652343232, 42.158007237659213 ], [ 2.296099444751733, 42.165738433510597 ], [ 2.265005719848292, 42.164102427553509 ], [ 2.291017330579924, 42.156844896503387 ], [ 2.277058812058782, 42.1495887298816 ], [ 2.297373752195432, 42.151228009342915 ], [ 2.281180039436589, 42.140482168203619 ], [ 2.268495240162152, 42.142815702287201 ], [ 2.242462419315594, 42.137909421022187 ], [ 2.240249869862343, 42.142812267137792 ], [ 2.20977290829206, 42.139310074385115 ], [ 2.212323708224139, 42.128772149230706 ], [ 2.192325691702174, 42.123877751250852 ], [ 2.186610841696454, 42.13369035189362 ], [ 2.163433091695323, 42.135090802487092 ] ] ] ] } },
{ "type": "Feature", "properties": { "COMARCA_KEY": "32", "id": "250557", "nom": "Biosca", "comarca": 32, "provincia": 25, "sup": 66.03 }, "geometry": { "type": "Polygon", "coordinates": [ [ [ 1.293294613228418, 41.566090338597121 ], [ 1.272349265452678, 41.571703957413682 ], [ 1.258693152643781, 41.567498859873872 ], [ 1.233933598488398, 41.571228236276006 ], [ 1.219651156795862, 41.56983702413946 ], [ 1.212991072797489, 41.584324697192407 ], [ 1.179367164497943, 41.595794024528296 ], [ 1.168559359234829, 41.606304308077604 ], [ 1.165404997810187, 41.610054838331372 ], [ 1.1866593895884, 41.619885258560814 ], [ 1.190149205882232, 41.634152872321003 ], [ 1.18537669332753, 41.649352963365743 ], [ 1.190784873916185, 41.652626607770387 ], [ 1.189509848303307, 41.674132458358898 ], [ 1.186016662039152, 41.685587848948366 ], [ 1.194588716766653, 41.690982743829842 ], [ 1.19935169684346, 41.708043978820555 ], [ 1.206978141253584, 41.716467352878588 ], [ 1.193001210173959, 41.720211251556663 ], [ 1.178728504767545, 41.709682320531613 ], [ 1.157133327386718, 41.71249023246699 ], [ 1.180301157222406, 41.748507537297129 ], [ 1.161904292458546, 41.757635439488851 ], [ 1.172705411518669, 41.766976416491417 ], [ 1.166350184991927, 41.77469277478319 ], [ 1.169830406333152, 41.786853006348828 ], [ 1.18253163415178, 41.79645747385846 ], [ 1.203150454162346, 41.814920964826193 ], [ 1.211417241346394, 41.811177238199811 ], [ 1.224415505446397, 41.819142526606093 ], [ 1.243773067496905, 41.847432266046262 ], [ 1.259004380646789, 41.85609424427291 ], [ 1.283444632541547, 41.877375151809709 ], [ 1.292657872263951, 41.897957065037644 ], [ 1.295182411530259, 41.920870770809614 ], [ 1.307252761137152, 41.922274259007068 ], [ 1.320260682110598, 41.904506613125186 ], [ 1.318680669203067, 41.893045354951362 ], [ 1.335482841533568, 41.900513331368231 ], [ 1.352312139105464, 41.907078600919284 ], [ 1.362159661585067, 41.922746546253215 ], [ 1.386896532283252, 41.926951548542782 ], [ 1.400537835936537, 41.912912297015737 ], [ 1.408173388331949, 41.916188685172372 ], [ 1.4256182231484, 41.907999227821549 ], [ 1.42656071340953, 41.895150938766555 ], [ 1.439260066115604, 41.899359172150206 ], [ 1.445603908367929, 41.88930395246755 ], [ 1.462744564754849, 41.886256369842904 ], [ 1.4846448113934, 41.906127598977619 ], [ 1.500520874773312, 41.902625381000881 ], [ 1.503685875655925, 41.887896023112589 ], [ 1.498284963646096, 41.869416190015535 ], [ 1.504309363416854, 41.85702976800652 ], [ 1.495439791295283, 41.842755587617248 ], [ 1.474174528395461, 41.833396383977473 ], [ 1.497969665640908, 41.81492231871831 ], [ 1.476720011506498, 41.803240071204826 ], [ 1.471316342501512, 41.800664435493715 ], [ 1.451330750680901, 41.797856823293216 ], [ 1.427209222840921, 41.80183418945407 ], [ 1.413562308320337, 41.776337927483645 ], [ 1.402777578153414, 41.745457799340393 ], [ 1.424354477532015, 41.732606020105422 ], [ 1.383095094014123, 41.705480981152149 ], [ 1.399908304420472, 41.704077145435818 ], [ 1.395797074836206, 41.695409383553006 ], [ 1.404049648921084, 41.686301404551998 ], [ 1.423403557053134, 41.683956635355941 ], [ 1.419266986107001, 41.676244049190132 ], [ 1.431023075291895, 41.655185164600702 ], [ 1.450379420388259, 41.646296875725099 ], [ 1.448789814075046, 41.636475988605604 ], [ 1.430374362861052, 41.629470816326119 ], [ 1.420530625303022, 41.634379783250459 ], [ 1.391357009246277, 41.634371431413221 ], [ 1.387548431814866, 41.631111629689819 ], [ 1.369764637440743, 41.621277481191441 ], [ 1.361190908575558, 41.611932551506953 ], [ 1.374836476018057, 41.611459804378526 ], [ 1.385325701050041, 41.602798937782389 ], [ 1.407204318051595, 41.60024002329336 ], [ 1.40751804547566, 41.590408851708112 ], [ 1.39577924393985, 41.584805457083853 ], [ 1.392298408263844, 41.57520951178109 ], [ 1.403093877917965, 41.557670389350889 ], [ 1.391664812648913, 41.556268103361496 ], [ 1.37293918971069, 41.564687267584368 ], [ 1.328817610247083, 41.567026579198426 ], [ 1.304073497137177, 41.571239673162651 ], [ 1.293294613228418, 41.566090338597121 ] ] ] } },
{ "type": "Feature", "properties": { "COMARCA_KEY": "33", "id": "250138", "nom": "Alfarràs", "comarca": 33, "provincia": 25, "sup": 11.39 }, "geometry": { "type": "MultiPolygon", "coordinates": [ [ [ [ 0.50308830437258, 41.289893105165092 ], [ 0.497070679822335, 41.30298410998784 ], [ 0.469469971970614, 41.331039294624546 ], [ 0.461214052480234, 41.335018406048569 ], [ 0.441226909173877, 41.325442859597679 ], [ 0.432019791699225, 41.311637764292499 ], [ 0.435810077961925, 41.29783416113824 ], [ 0.433276705046769, 41.276558103490181 ], [ 0.422800263305714, 41.273982182763909 ], [ 0.385350972618137, 41.278433066079998 ], [ 0.364730211003957, 41.303685240242125 ], [ 0.369184689903857, 41.314685088229204 ], [ 0.348222219099519, 41.328470008305217 ], [ 0.373294097324387, 41.34976022276738 ], [ 0.360916627949784, 41.370335800372807 ], [ 0.319994205749177, 41.394427134013092 ], [ 0.33839540636438, 41.408922505308595 ], [ 0.349501219459014, 41.427642102180464 ], [ 0.344740253442639, 41.435818081417594 ], [ 0.356177600377987, 41.452419169485779 ], [ 0.340616267411991, 41.467623129517413 ], [ 0.338710118034871, 41.480259866075052 ], [ 0.349820692451276, 41.486802958411594 ], [ 0.366957456793106, 41.485395539906875 ], [ 0.394566130666495, 41.489843342883354 ], [ 0.43202068704685, 41.530764366007958 ], [ 0.44723734143431, 41.542469325772117 ], [ 0.43581743605003, 41.560245647799164 ], [ 0.431068941406859, 41.580817933610646 ], [ 0.435814614621491, 41.584562457105953 ], [ 0.433591233334214, 41.593446993556917 ], [ 0.428208733837792, 41.602098688513493 ], [ 0.402181715734502, 41.592272783597792 ], [ 0.392355687670353, 41.595562603818308 ], [ 0.349496194901385, 41.598598583104113 ], [ 0.346320344796521, 41.622211379799865 ], [ 0.358396730778313, 41.63156787451161 ], [ 0.351093756218267, 41.634605876589333 ], [ 0.326341117939721, 41.662437533912446 ], [ 0.327930322490573, 41.680918872867174 ], [ 0.341571562278212, 41.695645076862952 ], [ 0.363145894707591, 41.711092457087965 ], [ 0.385353493713761, 41.739626947400495 ], [ 0.395207876490671, 41.731439299068022 ], [ 0.398057212475026, 41.754361134953839 ], [ 0.406619321045055, 41.758571514151392 ], [ 0.463438560007887, 41.76347923350572 ], [ 0.469463275803011, 41.76627795652881 ], [ 0.473911591653906, 41.787792227171515 ], [ 0.488503256099392, 41.804863524231074 ], [ 0.500247039971076, 41.807443384333489 ], [ 0.514829353658143, 41.821935428014733 ], [ 0.542776317587762, 41.82030353244383 ], [ 0.552915084063245, 41.834803641953464 ], [ 0.556086663083455, 41.853981935593936 ], [ 0.579890372246668, 41.851406214895725 ], [ 0.578935798986801, 41.824980424758273 ], [ 0.587192864185645, 41.808384985082618 ], [ 0.615109214259301, 41.77492518209845 ], [ 0.6217901075444, 41.766039594038759 ], [ 0.628763903767556, 41.760906208087938 ], [ 0.665589862377049, 41.731201753689156 ], [ 0.671600849981495, 41.718570942729045 ], [ 0.694451742230288, 41.694714967096523 ], [ 0.707461434269128, 41.694489018971495 ], [ 0.714438070444434, 41.702427511195729 ], [ 0.725248912806764, 41.699165684152142 ], [ 0.734430577181134, 41.708047248268066 ], [ 0.741734686197893, 41.712261938238079 ], [ 0.763645361795982, 41.685599565024624 ], [ 0.764261798086658, 41.66502299631194 ], [ 0.736674404132216, 41.658466539456015 ], [ 0.728735126365007, 41.637649208946421 ], [ 0.729042806775761, 41.633674462275664 ], [ 0.748085394319941, 41.628771510923279 ], [ 0.761098007250865, 41.587830266617885 ], [ 0.742049354462818, 41.585025817151887 ], [ 0.732863478753868, 41.571227164632184 ], [ 0.732227401804901, 41.566783421365919 ], [ 0.764594106054575, 41.556735801589603 ], [ 0.76459598967631, 41.551115760504345 ], [ 0.755707821413394, 41.550185998131163 ], [ 0.758878057688441, 41.537548631885777 ], [ 0.726824347625518, 41.518383709389475 ], [ 0.710016354624049, 41.524696913295308 ], [ 0.69604337540802, 41.499667717845895 ], [ 0.692232870432294, 41.476750630490869 ], [ 0.672883872099405, 41.479314752104116 ], [ 0.664320121055714, 41.472998609387822 ], [ 0.6633652394487, 41.4575779643747 ], [ 0.642419539851922, 41.454772636111997 ], [ 0.62558199267326, 41.447040760639418 ], [ 0.62019645510936, 41.433257439752019 ], [ 0.628765226557442, 41.419456229866924 ], [ 0.625597422397687, 41.399342134314509 ], [ 0.605917442441927, 41.389981536983726 ], [ 0.584981242472275, 41.375943798994484 ], [ 0.587500153871079, 41.345320022462424 ], [ 0.579896127104934, 41.3195813210137 ], [ 0.554505716194601, 41.326375791950269 ], [ 0.545309214789904, 41.323099636907287 ], [ 0.542134784482916, 41.31092689648338 ], [ 0.527855863654785, 41.291760962060366 ], [ 0.50308830437258, 41.289893105165092 ] ] ], [ [ [ 0.796959565397151, 41.58947804021259 ], [ 0.779197484901951, 41.579877470601559 ], [ 0.766184455297549, 41.587136680985353 ], [ 0.78141055511126, 41.609119266141306 ], [ 0.81599847629933, 41.614735435351811 ], [ 0.796959565397151, 41.58947804021259 ] ] ] ] } },
{ "type": "Feature", "properties": { "COMARCA_KEY": "34", "id": "171946", "nom": "Susqueda", "comarca": 34, "provincia": 17, "sup": 50.52 }, "geometry": { "type": "Polygon", "coordinates": [ [ [ 2.571874978410568, 41.726057718589608 ], [ 2.547106582181001, 41.719279521732645 ], [ 2.529659853902924, 41.731206847104382 ], [ 2.53092638356202, 41.73892205885808 ], [ 2.515063764668671, 41.753411568484232 ], [ 2.515696248571423, 41.762078981752353 ], [ 2.489996654547756, 41.765570577124493 ], [ 2.482055594505091, 41.771659805494707 ], [ 2.468724287788804, 41.777507509437982 ], [ 2.471903245912196, 41.788961011945496 ], [ 2.455721564823495, 41.784057757726124 ], [ 2.443981985933875, 41.788973379165007 ], [ 2.443032545823248, 41.798552168366271 ], [ 2.41828223554048, 41.804175922891062 ], [ 2.411931201827683, 41.806269219201077 ], [ 2.407792699253484, 41.824279780576589 ], [ 2.423044325574123, 41.836912995198666 ], [ 2.417943763805827, 41.849532896126767 ], [ 2.446832391585023, 41.860537923637153 ], [ 2.453177088019324, 41.879482643382978 ], [ 2.443030590713794, 41.887666101254638 ], [ 2.447472125246252, 41.895379357502954 ], [ 2.468731795127819, 41.904738652226612 ], [ 2.481424835206521, 41.915496716213127 ], [ 2.479834060978646, 41.930224561820445 ], [ 2.470959536825696, 41.938650340672218 ], [ 2.442711591923124, 41.940984548873374 ], [ 2.436352673758816, 41.947996753763583 ], [ 2.439529375086015, 41.962729238830804 ], [ 2.428738978034169, 41.968350259157482 ], [ 2.449368423905776, 41.969279670293716 ], [ 2.47444374500092, 41.969739452939088 ], [ 2.479508314381438, 41.982137684622671 ], [ 2.487452835296043, 41.984947479239587 ], [ 2.469050063824985, 41.994302801971898 ], [ 2.498866941609414, 42.001083735370592 ], [ 2.494429427207329, 42.021671406973482 ], [ 2.50618705617021, 42.031954078237469 ], [ 2.492535774007214, 42.038037019388497 ], [ 2.482369692449743, 42.052077878895773 ], [ 2.496019953892554, 42.058857512927943 ], [ 2.53315788333553, 42.027743782280915 ], [ 2.544887806462378, 42.02939406455755 ], [ 2.546805956910853, 42.038264133494174 ], [ 2.559812441076919, 42.044349157090842 ], [ 2.565531347373632, 42.03849866075101 ], [ 2.58804001482414, 42.036636233676553 ], [ 2.596630352351028, 42.049960450677482 ], [ 2.608680143963723, 42.027990075099275 ], [ 2.62612690938599, 42.023310753925266 ], [ 2.628028406945609, 42.012076670225234 ], [ 2.635663896734719, 42.0158118890377 ], [ 2.661674239252147, 42.016756135050301 ], [ 2.660717715156242, 41.992201200561794 ], [ 2.665177870215172, 41.988917856044814 ], [ 2.674045432783435, 41.973487910927858 ], [ 2.661356798911187, 41.962733209927862 ], [ 2.672773405407836, 41.948463642711324 ], [ 2.680399621269881, 41.948232935772801 ], [ 2.702920724281996, 41.930928403316322 ], [ 2.699431652250964, 41.923912057208696 ], [ 2.717532543374034, 41.921562208626156 ], [ 2.74735122190265, 41.926008983179884 ], [ 2.771468760702193, 41.906839022991576 ], [ 2.780042198286988, 41.903090918424972 ], [ 2.792098484142103, 41.910571015353177 ], [ 2.81654843325818, 41.911747535754316 ], [ 2.816539671375566, 41.889536705914558 ], [ 2.809872401052398, 41.877834976017901 ], [ 2.812720963978064, 41.859825918742118 ], [ 2.819392686615418, 41.852342871915177 ], [ 2.837177253833232, 41.860529702478509 ], [ 2.854942147185438, 41.847439474933722 ], [ 2.86192632434966, 41.848600966763954 ], [ 2.849224869794004, 41.819834890576537 ], [ 2.851775530972505, 41.810254809549804 ], [ 2.866054299704721, 41.810020151170136 ], [ 2.853988427703785, 41.800656212858236 ], [ 2.853984512301024, 41.791775320507938 ], [ 2.871112962823167, 41.772827055363692 ], [ 2.906993131578307, 41.772357310255344 ], [ 2.928570968126753, 41.757385042044156 ], [ 2.949516924157948, 41.768618926559505 ], [ 2.971083831057137, 41.753188305391767 ], [ 2.933639120879252, 41.718567568724879 ], [ 2.934580390721764, 41.715055334467607 ], [ 2.905712187007554, 41.710387601448225 ], [ 2.896825706827081, 41.705011719667525 ], [ 2.887937892879377, 41.701256429414819 ], [ 2.855249170948305, 41.700337206362001 ], [ 2.816541419776019, 41.686302844873069 ], [ 2.802883296369453, 41.673201827152688 ], [ 2.788287959486565, 41.669230725329847 ], [ 2.777829980561304, 41.650277862069814 ], [ 2.765139413289223, 41.665943169769967 ], [ 2.757834140166935, 41.679276641434058 ], [ 2.770204054767919, 41.687462524055604 ], [ 2.774653154330515, 41.700333531441949 ], [ 2.765769898522048, 41.723950431306385 ], [ 2.777193082289025, 41.730494280231973 ], [ 2.77592712005685, 41.734941316316799 ], [ 2.74483059850121, 41.734948526363617 ], [ 2.724180826821323, 41.744070007945673 ], [ 2.701668432252933, 41.728161321582384 ], [ 2.67057235140244, 41.714601777106807 ], [ 2.651827122963968, 41.722076440453471 ], [ 2.638838762906649, 41.709912804826317 ], [ 2.629948298286027, 41.688159348295507 ], [ 2.614085735674993, 41.692376558601168 ], [ 2.599166227390127, 41.683732686698939 ], [ 2.588048343132134, 41.70125726626511 ], [ 2.599784720080127, 41.71576414136279 ], [ 2.598529517822238, 41.728153504554122 ], [ 2.571874978410568, 41.726057718589608 ] ] ] } },
{ "type": "Feature", "properties": { "COMARCA_KEY": "35", "id": "251636", "nom": "la Coma i la Pedra", "comarca": 35, "provincia": 25, "sup": 60.84 }, "geometry": { "type": "MultiPolygon", "coordinates": [ [ [ [ 1.600153146791513, 41.788724885874871 ], [ 1.594439327889136, 41.777036464423048 ], [ 1.581755359008228, 41.77493510891226 ], [ 1.574771121341645, 41.78171176777014 ], [ 1.561133634209716, 41.777038399020405 ], [ 1.561752904064772, 41.769786754501226 ], [ 1.548436158376202, 41.77024971531192 ], [ 1.54461742008281, 41.757159684278079 ], [ 1.530650694321965, 41.752478528315365 ], [ 1.532559864011302, 41.76370727844197 ], [ 1.511307956348417, 41.770260892828354 ], [ 1.504639068693274, 41.788025480148541 ], [ 1.483368001006443, 41.790844863639272 ], [ 1.488130941183951, 41.778676627557715 ], [ 1.467816854105755, 41.770715764683445 ], [ 1.460848857543712, 41.776332825236011 ], [ 1.472910608098565, 41.782186021312569 ], [ 1.471316342501512, 41.800664435493715 ], [ 1.476720011506498, 41.803240071204826 ], [ 1.497969665640908, 41.81492231871831 ], [ 1.474174528395461, 41.833396383977473 ], [ 1.495439791295283, 41.842755587617248 ], [ 1.504309363416854, 41.85702976800652 ], [ 1.498284963646096, 41.869416190015535 ], [ 1.503685875655925, 41.887896023112589 ], [ 1.500520874773312, 41.902625381000881 ], [ 1.4846448113934, 41.906127598977619 ], [ 1.462744564754849, 41.886256369842904 ], [ 1.445603908367929, 41.88930395246755 ], [ 1.439260066115604, 41.899359172150206 ], [ 1.42656071340953, 41.895150938766555 ], [ 1.4256182231484, 41.907999227821549 ], [ 1.408173388331949, 41.916188685172372 ], [ 1.400537835936537, 41.912912297015737 ], [ 1.386896532283252, 41.926951548542782 ], [ 1.362159661585067, 41.922746546253215 ], [ 1.352312139105464, 41.907078600919284 ], [ 1.335482841533568, 41.900513331368231 ], [ 1.318680669203067, 41.893045354951362 ], [ 1.320260682110598, 41.904506613125186 ], [ 1.307252761137152, 41.922274259007068 ], [ 1.295182411530259, 41.920870770809614 ], [ 1.307884806638167, 41.933037163926635 ], [ 1.312645168270487, 41.950111200578959 ], [ 1.291065696953355, 41.958528061490391 ], [ 1.294871378452577, 41.974183558442526 ], [ 1.308845602926177, 41.986116492623317 ], [ 1.306938630329624, 41.994302088987176 ], [ 1.324060027511647, 41.99055461175319 ], [ 1.350413818773998, 41.993836452992312 ], [ 1.362789618602785, 41.999921788790488 ], [ 1.353897854847961, 42.022598435812256 ], [ 1.359297776902534, 42.029610570694416 ], [ 1.358346786749497, 42.07405157032543 ], [ 1.350096521886797, 42.072420190365406 ], [ 1.33104314754794, 42.079907919012669 ], [ 1.324066656509615, 42.095098633575937 ], [ 1.327570526109412, 42.115449532767997 ], [ 1.362160927390853, 42.129709920230709 ], [ 1.366898941763466, 42.138369275275686 ], [ 1.357696572835319, 42.147964445492811 ], [ 1.378024908464519, 42.154738062850065 ], [ 1.395783956670047, 42.150304654706069 ], [ 1.425930157303781, 42.159656332691476 ], [ 1.44623926354563, 42.144911072622804 ], [ 1.470988140629435, 42.155438541917974 ], [ 1.519870264838725, 42.184214759704183 ], [ 1.527180182607656, 42.191693839869515 ], [ 1.527158825988791, 42.204085904006874 ], [ 1.55635832221168, 42.210167004622193 ], [ 1.594435192723526, 42.200805340607204 ], [ 1.613810077075773, 42.201041142441156 ], [ 1.641739874997816, 42.19660206580086 ], [ 1.650620892572789, 42.177667948096023 ], [ 1.658225756855747, 42.165022464061195 ], [ 1.669332518414647, 42.169943120990887 ], [ 1.68266447565799, 42.165738020461298 ], [ 1.693764171022926, 42.172277343506693 ], [ 1.708065799303611, 42.16082134665978 ], [ 1.725824615924504, 42.166207541379698 ], [ 1.731546726761278, 42.183977089298324 ], [ 1.736617731785079, 42.183510697594564 ], [ 1.734065458298232, 42.158481409129159 ], [ 1.720741745132313, 42.151705039427014 ], [ 1.713757188465935, 42.15474308249847 ], [ 1.698530911808011, 42.133460801496014 ], [ 1.711852448401534, 42.116157063509959 ], [ 1.704562339771332, 42.105861885620286 ], [ 1.723280882725584, 42.100019489318626 ], [ 1.716940703576412, 42.084584034762692 ], [ 1.691880222707504, 42.087381219448467 ], [ 1.690606625391449, 42.074055385715639 ], [ 1.675057916211013, 42.059088536599965 ], [ 1.673777939290238, 42.052066827332027 ], [ 1.669975326153536, 42.044349417471231 ], [ 1.679187353394539, 42.038277457492732 ], [ 1.684242636160739, 42.048566743053854 ], [ 1.697580254064179, 42.036866528770545 ], [ 1.699158320191673, 42.029391126642324 ], [ 1.683613775150058, 42.025179021271853 ], [ 1.669333341434182, 42.014891161464718 ], [ 1.65474709790202, 42.019332382052404 ], [ 1.647124625534453, 41.999446743134023 ], [ 1.655062612029025, 41.992893305750883 ], [ 1.657598836410335, 42.003190301240764 ], [ 1.666175219355003, 41.990321056968746 ], [ 1.685201673782555, 41.995007770430725 ], [ 1.696620759515634, 41.984474391446327 ], [ 1.700433084978439, 41.992893605390854 ], [ 1.689964941544844, 42.005293525355135 ], [ 1.699806584206949, 42.014177676619433 ], [ 1.70679651338069, 42.001791776969476 ], [ 1.716933226715321, 41.999689961554424 ], [ 1.71724725603996, 41.9828514279167 ], [ 1.682341903574877, 41.967415262286671 ], [ 1.667753336067649, 41.970219002863665 ], [ 1.675041890755131, 41.983074504861122 ], [ 1.650945029909785, 41.978632847035314 ], [ 1.645219389860108, 41.968586275750198 ], [ 1.649019669540831, 41.956652478413368 ], [ 1.648400607905952, 41.949403988495369 ], [ 1.642363978293094, 41.940506403373639 ], [ 1.652511500181748, 41.92835910897265 ], [ 1.637923869947046, 41.926944064604847 ], [ 1.614432133544007, 41.905659760354716 ], [ 1.599515316065093, 41.901930202387504 ], [ 1.586515105983351, 41.887900831737262 ], [ 1.583026496719838, 41.893045596929859 ], [ 1.568101548578637, 41.880179232014214 ], [ 1.583340129137148, 41.873397180836896 ], [ 1.601114038552413, 41.883918598243213 ], [ 1.618562332903648, 41.87737492381757 ], [ 1.625217374156298, 41.868250071817066 ], [ 1.631895417247882, 41.844390267296923 ], [ 1.610319221511542, 41.836205368835351 ], [ 1.611888706209565, 41.818193052041764 ], [ 1.592863953336223, 41.81165687891594 ], [ 1.588419369458015, 41.804631183580938 ], [ 1.600153146791513, 41.788724885874871 ] ], [ [ 1.368804464129641, 42.079190142694124 ], [ 1.368804002866918, 42.079208148465689 ], [ 1.361402248748376, 42.075572259673351 ], [ 1.368804464129641, 42.079190142694124 ] ], [ [ 1.692183429024746, 42.1126382530515 ], [ 1.647113972225339, 42.113808821189537 ], [ 1.644575208866525, 42.11147326045252 ], [ 1.661404622752514, 42.104934179052194 ], [ 1.691239091089365, 42.104449804579353 ], [ 1.692183429024746, 42.1126382530515 ] ] ], [ [ [ 1.719790423768617, 41.895606649075795 ], [ 1.719806180411304, 41.882745408299158 ], [ 1.706778026721626, 41.889300322933565 ], [ 1.719790423768617, 41.895606649075795 ] ] ] ] } },
{ "type": "Feature", "properties": { "COMARCA_KEY": "36", "id": "431359", "nom": "Salomó", "comarca": 36, "provincia": 43, "sup": 12.21 }, "geometry": { "type": "Polygon", "coordinates": [ [ [ 1.100974333968004, 41.11378339261141 ], [ 1.12382397839262, 41.101853770049246 ], [ 1.127944628501096, 41.107703578516443 ], [ 1.120015856065331, 41.130146946964949 ], [ 1.131112096987975, 41.130381597556649 ], [ 1.15237344193081, 41.122437857913859 ], [ 1.164771375685642, 41.108404357439881 ], [ 1.176496234264895, 41.108176242429998 ], [ 1.165080948126613, 41.13833191749702 ], [ 1.188573168240607, 41.128057069899086 ], [ 1.191097836658882, 41.131555602050021 ], [ 1.16920712095904, 41.14933255659934 ], [ 1.160638273618074, 41.149790492273986 ], [ 1.143510450542337, 41.170610841575353 ], [ 1.155556109033644, 41.179739703394922 ], [ 1.172370438983328, 41.193302648194056 ], [ 1.173003659899302, 41.195402396323296 ], [ 1.176175816051246, 41.200550831926861 ], [ 1.183797555463346, 41.213876033953966 ], [ 1.173003317526212, 41.223703319466722 ], [ 1.186984838742436, 41.232355183987622 ], [ 1.19586123160396, 41.223703533092994 ], [ 1.203788525936725, 41.226980051667191 ], [ 1.205054890250358, 41.226045031221794 ], [ 1.219663425472888, 41.215282965739362 ], [ 1.232352708643384, 41.217153865148219 ], [ 1.232986717272956, 41.215758455289418 ], [ 1.232998047147045, 41.203814900798619 ], [ 1.259013587778532, 41.199617491180504 ], [ 1.243136999962809, 41.221588421989168 ], [ 1.259652959875606, 41.22228965567794 ], [ 1.268841188036273, 41.233056847124821 ], [ 1.293603732698242, 41.237029509262719 ], [ 1.295816237529022, 41.239133972391919 ], [ 1.33961657423183, 41.213418481818394 ], [ 1.353571514764945, 41.224878142433568 ], [ 1.333917882583571, 41.235854601233903 ], [ 1.345963615564156, 41.237037134250869 ], [ 1.357062749918945, 41.254111902648916 ], [ 1.371353788262947, 41.241938868572873 ], [ 1.395796449856293, 41.238895308385558 ], [ 1.412934507362981, 41.240772205232936 ], [ 1.404348500592179, 41.225809304400208 ], [ 1.390402432734909, 41.220426892285502 ], [ 1.396422915190146, 41.205450479805656 ], [ 1.417357212526668, 41.211775138007994 ], [ 1.436402562957421, 41.202415393473892 ], [ 1.476400130137139, 41.208734428249429 ], [ 1.483057015632054, 41.186988135560796 ], [ 1.495749450338023, 41.173192961634932 ], [ 1.459583687351828, 41.162896640124792 ], [ 1.440839213147698, 41.155168124391786 ], [ 1.390385796612157, 41.13249561757695 ], [ 1.373885701603504, 41.132966423489407 ], [ 1.342467143945663, 41.125006263807471 ], [ 1.336118497881177, 41.128283535525746 ], [ 1.303113830872914, 41.128522592187089 ], [ 1.278686284183927, 41.120557776109322 ], [ 1.270425454575244, 41.113083905168757 ], [ 1.254890578113558, 41.111444409532155 ], [ 1.245691561906088, 41.09999125361054 ], [ 1.225063917003698, 41.090397518729255 ], [ 1.237429461917398, 41.10348613410121 ], [ 1.222823727897951, 41.095767475373911 ], [ 1.223159130408092, 41.106293391660905 ], [ 1.207925690976524, 41.097176014425841 ], [ 1.208556299987507, 41.087115453132114 ], [ 1.197770529680576, 41.093198399703134 ], [ 1.179045827368056, 41.069340331086842 ], [ 1.180628744112102, 41.066320805740204 ], [ 1.180629240599756, 41.066302798571954 ], [ 1.171734809652002, 41.054848555461852 ], [ 1.160624888909116, 41.055554445523832 ], [ 1.144779815231986, 41.071459796784929 ], [ 1.117480648666711, 41.073791203399303 ], [ 1.100350886329986, 41.086660835343238 ], [ 1.093355045732933, 41.092273959828553 ], [ 1.094299685803738, 41.104899950759162 ], [ 1.100974333968004, 41.11378339261141 ] ] ] } },
{ "type": "Feature", "properties": { "COMARCA_KEY": "37", "id": "431107", "nom": "la Pobla de Massaluca", "comarca": 37, "provincia": 43, "sup": 43.4 }, "geometry": { "type": "Polygon", "coordinates": [ [ [ 0.279045672330371, 40.81957785327446 ], [ 0.255576190571432, 40.845303945719145 ], [ 0.254308772794517, 40.865647501098415 ], [ 0.246051233294025, 40.887391363112648 ], [ 0.253343909121886, 40.904462353089045 ], [ 0.253342329683029, 40.918260868663957 ], [ 0.273983883297857, 40.936044259277573 ], [ 0.28634533514197, 40.965968670242226 ], [ 0.281906549012942, 40.986093395267261 ], [ 0.268587228959586, 40.997775417018921 ], [ 0.274598388058889, 41.004798996719771 ], [ 0.259054558460982, 41.013220777097381 ], [ 0.261286000562915, 41.019056204004158 ], [ 0.279675272605361, 41.01952802959692 ], [ 0.261274839573542, 41.02678374047079 ], [ 0.242882898814974, 41.040575553969312 ], [ 0.232088600512972, 41.034732459491373 ], [ 0.234930376460595, 41.045266525349604 ], [ 0.222235608872343, 41.041052109170913 ], [ 0.216849953083225, 41.04690252025523 ], [ 0.228911873395679, 41.052039003279511 ], [ 0.218747381573292, 41.061160902480566 ], [ 0.219069667204746, 41.074966894468169 ], [ 0.215261028724786, 41.084547982491408 ], [ 0.200347750200596, 41.084780757666472 ], [ 0.200350381656711, 41.10209153232114 ], [ 0.20891839349295, 41.116818212794442 ], [ 0.203215072928009, 41.128280271434384 ], [ 0.217797326235778, 41.129912571140842 ], [ 0.214635382929868, 41.137635804239352 ], [ 0.237485390984507, 41.12968421475653 ], [ 0.249544453228079, 41.130153106628207 ], [ 0.25302786946582, 41.148861957671414 ], [ 0.270810602139991, 41.148168142246114 ], [ 0.302534691652198, 41.164299286222295 ], [ 0.305700407444896, 41.18534085058775 ], [ 0.318412179821451, 41.219718713449346 ], [ 0.341560593151828, 41.230721483331479 ], [ 0.36061269298124, 41.225107624526402 ], [ 0.36536006110564, 41.23937480638412 ], [ 0.378384115135621, 41.237726849782696 ], [ 0.371725342995541, 41.230009391818854 ], [ 0.366961202829839, 41.206627348644531 ], [ 0.387576664839295, 41.21363600660662 ], [ 0.402178197090153, 41.215984040254376 ], [ 0.429794290679178, 41.228384872186936 ], [ 0.458035139628739, 41.212007490840882 ], [ 0.458658726636447, 41.204527665052069 ], [ 0.481514797891672, 41.203120656886178 ], [ 0.494844224687502, 41.196332242310618 ], [ 0.501505675563895, 41.162899676914719 ], [ 0.487861860847207, 41.144426962647515 ], [ 0.493255519180293, 41.136708577533362 ], [ 0.516101743129873, 41.133655047330393 ], [ 0.527544698596931, 41.125236726816901 ], [ 0.553557786322778, 41.118226582526205 ], [ 0.536745882761038, 41.098341124693334 ], [ 0.536722088601952, 41.098340615694056 ], [ 0.532939007351175, 41.090621739847684 ], [ 0.51228844503887, 41.069353421198755 ], [ 0.500239491694036, 41.062571486129286 ], [ 0.502455444616855, 41.059989532165474 ], [ 0.526904516587269, 41.062336544967629 ], [ 0.527539963648811, 41.055540910277713 ], [ 0.544675372273674, 41.050395199797215 ], [ 0.547523846196264, 41.037774004545945 ], [ 0.570370130125263, 41.018838953894395 ], [ 0.557682200585259, 41.01462555406718 ], [ 0.535475398925624, 41.001056341638453 ], [ 0.506276582092944, 40.994735541794988 ], [ 0.503105714775947, 40.988668170030046 ], [ 0.479290903981799, 40.976026102660242 ], [ 0.454870377728335, 40.978137288364692 ], [ 0.445015860515825, 40.964336593723502 ], [ 0.392982966673713, 40.954992657223116 ], [ 0.392347299129249, 40.948205019896328 ], [ 0.370769390335573, 40.942346508729621 ], [ 0.362838033986791, 40.907038003356917 ], [ 0.369171377254912, 40.890429685860319 ], [ 0.36157098901748, 40.880384236512363 ], [ 0.331738034694133, 40.847866617485323 ], [ 0.31173840633136, 40.839691937414536 ], [ 0.292381870089044, 40.815838658465438 ], [ 0.272710775099283, 40.817933003614776 ], [ 0.279045672330371, 40.81957785327446 ] ] ] } },
{ "type": "Feature", "properties": { "COMARCA_KEY": "38", "id": "250030", "nom": "Agramunt", "comarca": 38, "provincia": 25, "sup": 79.46 }, "geometry": { "type": "MultiPolygon", "coordinates": [ [ [ [ 1.037829489815965, 41.504820488181537 ], [ 1.019421249971068, 41.503406015452299 ], [ 1.010536959329161, 41.5118270694879 ], [ 0.986737992376166, 41.516510584037384 ], [ 0.978792841341854, 41.5176681404646 ], [ 0.987991601909831, 41.536383365640503 ], [ 0.986731765600529, 41.549943421909397 ], [ 0.961027748634064, 41.568188184902489 ], [ 0.964520206251493, 41.57918416116356 ], [ 0.973408302458421, 41.58878018974881 ], [ 0.978166791962849, 41.599293679807701 ], [ 0.969900184721572, 41.61496355066307 ], [ 0.969284205440872, 41.629237113355757 ], [ 0.982611795919854, 41.635308136695038 ], [ 0.991176908538268, 41.650985523753768 ], [ 1.001009624327411, 41.651445221803044 ], [ 1.007049323946123, 41.66898683765131 ], [ 0.999736207504899, 41.670859200928561 ], [ 1.005460757111253, 41.677641575011641 ], [ 1.025442418074, 41.670853545132985 ], [ 1.036244267192952, 41.679054515894869 ], [ 1.03432382757891, 41.69004568223081 ], [ 1.028629160944152, 41.692379867191697 ], [ 1.019420722776682, 41.695643959120744 ], [ 1.00893477306121, 41.688869928820516 ], [ 0.997831733833069, 41.691216798312936 ], [ 1.028304952373545, 41.710855671962051 ], [ 1.022581685886719, 41.712486542546657 ], [ 0.998463018504913, 41.697982677969392 ], [ 0.974043615096389, 41.706416994384867 ], [ 0.982276225418576, 41.712956490094292 ], [ 0.983236783390404, 41.731436597022494 ], [ 0.960715970786613, 41.732606084330179 ], [ 0.954055569094993, 41.742430725267084 ], [ 0.974670656849562, 41.757620649742904 ], [ 0.987671006102037, 41.774240816509511 ], [ 1.003856420807315, 41.771425079559208 ], [ 1.019410308411681, 41.776575842805443 ], [ 1.03305718740965, 41.768614542584835 ], [ 1.060660980866436, 41.793167156817645 ], [ 1.080335982026827, 41.824281598174124 ], [ 1.075596065132564, 41.823337646416462 ], [ 1.098759311609821, 41.856794877451783 ], [ 1.120333113820924, 41.849062389706617 ], [ 1.124452415197313, 41.833404617015589 ], [ 1.116207446271227, 41.822173771731734 ], [ 1.103832647972113, 41.827788220028282 ], [ 1.098746892322752, 41.811654731332347 ], [ 1.133669635993996, 41.804644211956379 ], [ 1.145086523558988, 41.820302238078717 ], [ 1.15269111177204, 41.817957066106104 ], [ 1.141602660204363, 41.80837543983931 ], [ 1.13874487702912, 41.79481949369724 ], [ 1.139693614052551, 41.786152640593926 ], [ 1.163485632465496, 41.781473924181242 ], [ 1.169830406333152, 41.786853006348828 ], [ 1.166350184991927, 41.77469277478319 ], [ 1.172705411518669, 41.766976416491417 ], [ 1.161904292458546, 41.757635439488851 ], [ 1.180301157222406, 41.748507537297129 ], [ 1.157133327386718, 41.71249023246699 ], [ 1.178728504767545, 41.709682320531613 ], [ 1.193001210173959, 41.720211251556663 ], [ 1.206978141253584, 41.716467352878588 ], [ 1.19935169684346, 41.708043978820555 ], [ 1.194588716766653, 41.690982743829842 ], [ 1.186016662039152, 41.685587848948366 ], [ 1.189509848303307, 41.674132458358898 ], [ 1.190784873916185, 41.652626607770387 ], [ 1.18537669332753, 41.649352963365743 ], [ 1.190149205882232, 41.634152872321003 ], [ 1.1866593895884, 41.619885258560814 ], [ 1.165404997810187, 41.610054838331372 ], [ 1.168559359234829, 41.606304308077604 ], [ 1.179367164497943, 41.595794024528296 ], [ 1.212991072797489, 41.584324697192407 ], [ 1.219651156795862, 41.56983702413946 ], [ 1.210781137449159, 41.548785447418894 ], [ 1.180934013887777, 41.543399292568296 ], [ 1.165914807643887, 41.536945939888987 ], [ 1.165846477403334, 41.536818754086319 ], [ 1.175860932647684, 41.53451022124559 ], [ 1.168568243934968, 41.517677564084643 ], [ 1.165387049605737, 41.517446707326037 ], [ 1.166346945755475, 41.505518914823945 ], [ 1.175865273044063, 41.501076810200388 ], [ 1.17935797201951, 41.488450455621461 ], [ 1.154296168406545, 41.480953461640837 ], [ 1.129537556266595, 41.473942322969762 ], [ 1.107945774270121, 41.466923974890584 ], [ 1.099386194591942, 41.476276070045571 ], [ 1.082560363517608, 41.479095083583992 ], [ 1.039421449913274, 41.501298968633677 ], [ 1.03751033866805, 41.498726445299745 ], [ 1.037829489815965, 41.504820488181537 ] ], [ [ 1.0787568417628, 41.702199637913864 ], [ 1.054952124779385, 41.682561082215202 ], [ 1.058774148432601, 41.680914478711685 ], [ 1.072423570278622, 41.684891028443914 ], [ 1.10064676173449, 41.702437544611961 ], [ 1.099080852854156, 41.705005532433361 ], [ 1.0787568417628, 41.702199637913864 ] ] ], [ [ [ 1.054646439506691, 41.83761094989503 ], [ 1.051460050535895, 41.829901525711456 ], [ 1.027028127155593, 41.820063678918565 ], [ 1.021316986901927, 41.828017074748686 ], [ 1.020694836559624, 41.849765620582808 ], [ 1.040372726986251, 41.857020016719474 ], [ 1.05558576554902, 41.857494822065249 ], [ 1.06669494778785, 41.835040496217225 ], [ 1.054646439506691, 41.83761094989503 ] ] ] ] } },
{ "type": "Feature", "properties": { "COMARCA_KEY": "39", "id": "250450", "nom": "Bausen", "comarca": 39, "provincia": 25, "sup": 17.72 }, "geometry": { "type": "Polygon", "coordinates": [ [ [ 0.673818240077561, 42.698479707413831 ], [ 0.682387322054048, 42.70900920336792 ], [ 0.672886851441485, 42.718829965252553 ], [ 0.679853120260205, 42.723275724196675 ], [ 0.670013167798018, 42.731000196543569 ], [ 0.667167277445628, 42.738488348300471 ], [ 0.663358628473967, 42.749468676384872 ], [ 0.639248756654027, 42.754376892806462 ], [ 0.665893608353033, 42.775670540694975 ], [ 0.645588276276738, 42.783142897081291 ], [ 0.669057538132491, 42.802101182635496 ], [ 0.667167145779733, 42.825709281561423 ], [ 0.659227473239095, 42.838351954321418 ], [ 0.679223946890521, 42.850033189497474 ], [ 0.708734928961914, 42.861487610987297 ], [ 0.73508039152827, 42.854015829556211 ], [ 0.735718006511976, 42.848625574666386 ], [ 0.779198922248721, 42.836006394852731 ], [ 0.800135384100867, 42.840444909696004 ], [ 0.836942484146411, 42.827819295608016 ], [ 0.857241962763588, 42.825949920036834 ], [ 0.877248362830058, 42.814022036544955 ], [ 0.930880487067678, 42.788763723111849 ], [ 0.945785612184803, 42.800918723310595 ], [ 0.959768090643119, 42.805599238486487 ], [ 0.98355380700144, 42.786425900862262 ], [ 1.005760000468794, 42.790867161813935 ], [ 1.037191271167583, 42.785953384227476 ], [ 1.026716628023711, 42.767006839787484 ], [ 1.033050854866157, 42.755319239689534 ], [ 1.027033320882354, 42.743166924689902 ], [ 1.030215350878307, 42.73450480507649 ], [ 1.02228367077628, 42.726551653729047 ], [ 1.027995674761131, 42.709720588078341 ], [ 1.005147294639723, 42.713214986552885 ], [ 0.993398738761304, 42.700366521960461 ], [ 0.976579720715298, 42.691947918924903 ], [ 0.986721387032666, 42.682581257454906 ], [ 0.980392872883484, 42.676742544085428 ], [ 0.970874152977492, 42.640715715484589 ], [ 0.958809902729438, 42.62247291780065 ], [ 0.969278576771258, 42.614770463547032 ], [ 0.965148768276547, 42.603062408829985 ], [ 0.937550310918155, 42.589042871986386 ], [ 0.917870146797579, 42.593009290229688 ], [ 0.911827354610022, 42.606803319210151 ], [ 0.89470860564274, 42.6119650579937 ], [ 0.895650259444471, 42.62599442165844 ], [ 0.876615110561838, 42.631370327671682 ], [ 0.840423293403122, 42.607982523565752 ], [ 0.826160349668117, 42.605173212336496 ], [ 0.806797218618656, 42.619212246661277 ], [ 0.768073902446231, 42.609621026052373 ], [ 0.744903395472808, 42.615236525782237 ], [ 0.737616732964928, 42.612427285725339 ], [ 0.708105610733086, 42.620611392826163 ], [ 0.698570301122399, 42.62856072883168 ], [ 0.70143239540079, 42.640252753493783 ], [ 0.695716533782144, 42.658958391635146 ], [ 0.675425098124022, 42.67111920238932 ], [ 0.660181795388966, 42.690997847214256 ], [ 0.676059471105817, 42.690762945084806 ], [ 0.673818240077561, 42.698479707413831 ] ] ] } },
{ "type": "Feature", "properties": { "COMARCA_KEY": "4", "id": "251403", "nom": "Montferrer i Castellbò", "comarca": 4, "provincia": 25, "sup": 176.67 }, "geometry": { "type": "Polygon", "coordinates": [ [ [ 1.294871378452577, 41.974183558442526 ], [ 1.291065696953355, 41.958528061490391 ], [ 1.260590983747779, 41.942381305434992 ], [ 1.247584971603597, 41.939805813545675 ], [ 1.255212462075611, 41.949396639471217 ], [ 1.263135295276722, 41.973959851518053 ], [ 1.25964287407588, 41.989631862112454 ], [ 1.26185859866613, 42.002256154667911 ], [ 1.24917297420319, 42.00692667233465 ], [ 1.236790325392773, 42.019796066659815 ], [ 1.23996380346172, 42.035227334359824 ], [ 1.232979520288662, 42.045747254301141 ], [ 1.241865769559114, 42.052998615192422 ], [ 1.236168515787975, 42.065861988031102 ], [ 1.225045502386465, 42.070319590879393 ], [ 1.219991222172029, 42.07989582407793 ], [ 1.210152336843232, 42.076392483697632 ], [ 1.19935470516637, 42.08973263787653 ], [ 1.166990556081454, 42.082465546696376 ], [ 1.162228776190292, 42.105859111031997 ], [ 1.167619141809955, 42.119418344591054 ], [ 1.157138503724547, 42.122924893766779 ], [ 1.155237029187375, 42.135088438473097 ], [ 1.160626170956435, 42.15122362782175 ], [ 1.173328500636859, 42.153101740565042 ], [ 1.186345620741481, 42.171104088257586 ], [ 1.181896521949529, 42.181876791810538 ], [ 1.161576594450284, 42.190288592828587 ], [ 1.168241539960224, 42.201040218755274 ], [ 1.165405082131687, 42.219528976219202 ], [ 1.156501409518269, 42.219061970214554 ], [ 1.141585062751972, 42.23027663331743 ], [ 1.138733616976536, 42.236588501841098 ], [ 1.15809442001198, 42.245942997084903 ], [ 1.151104040270081, 42.259519324551945 ], [ 1.158089178011534, 42.270276606474766 ], [ 1.155551410566076, 42.280790584961537 ], [ 1.122248021365065, 42.295523706047291 ], [ 1.135256461426686, 42.307695656772047 ], [ 1.158734808027778, 42.307228625525404 ], [ 1.171749010316104, 42.3287444730746 ], [ 1.187927183180502, 42.348615791242125 ], [ 1.236161545095017, 42.369901167037135 ], [ 1.245057270936582, 42.386265948896359 ], [ 1.246008569673612, 42.413171375778965 ], [ 1.26154109858967, 42.420180280640999 ], [ 1.252037660900823, 42.442873937551276 ], [ 1.255832744297717, 42.452459670955207 ], [ 1.269802548879498, 42.442405080153222 ], [ 1.28662355860309, 42.448007143501002 ], [ 1.310740876560543, 42.450112290807823 ], [ 1.320253434535421, 42.445443127918153 ], [ 1.340246785214558, 42.467419948170985 ], [ 1.345338748710897, 42.480983952862651 ], [ 1.35834993676303, 42.484034876661099 ], [ 1.364366357567905, 42.493144497696633 ], [ 1.362788234912589, 42.519111958758444 ], [ 1.385308630696535, 42.514424478934004 ], [ 1.394832848802973, 42.526589703027575 ], [ 1.407520048327254, 42.52752321653135 ], [ 1.413564353865471, 42.535009613461064 ], [ 1.441166577976394, 42.543439437081311 ], [ 1.45196917591916, 42.53899309292359 ], [ 1.455143101885845, 42.526824421857071 ], [ 1.468149244649764, 42.509762399537578 ], [ 1.443702630035953, 42.495258169153864 ], [ 1.425945951452125, 42.49290830876506 ], [ 1.418319749690431, 42.482626972311998 ], [ 1.441172687772048, 42.475609572053898 ], [ 1.441166888910753, 42.455256760940159 ], [ 1.447188531747316, 42.43795758354905 ], [ 1.457032380096948, 42.435154688112419 ], [ 1.498607331215324, 42.433275349446539 ], [ 1.511623346254428, 42.428834202399507 ], [ 1.550007986654993, 42.433270769062929 ], [ 1.567789976496618, 42.458530234855168 ], [ 1.581441523018181, 42.449658307234387 ], [ 1.595087485837451, 42.445215477675468 ], [ 1.601100635465173, 42.424161572881303 ], [ 1.624282883483261, 42.406844895377148 ], [ 1.647757725176444, 42.396803597732443 ], [ 1.657270552466554, 42.375751729762712 ], [ 1.652826616577151, 42.365450931214824 ], [ 1.660143858300207, 42.361718202642713 ], [ 1.652826394154174, 42.349546561290346 ], [ 1.660781303647501, 42.338562517050164 ], [ 1.654750125448052, 42.331071039531636 ], [ 1.651252342838651, 42.28571203797685 ], [ 1.670616085037355, 42.280804758835231 ], [ 1.689647116672986, 42.276592863785673 ], [ 1.694399978028554, 42.263714440060411 ], [ 1.684559927769543, 42.25646921127742 ], [ 1.663315941367109, 42.254368311798807 ], [ 1.638566490897305, 42.247358660601122 ], [ 1.610312549264, 42.212508587172138 ], [ 1.613810077075773, 42.201041142441156 ], [ 1.594435192723526, 42.200805340607204 ], [ 1.55635832221168, 42.210167004622193 ], [ 1.527158825988791, 42.204085904006874 ], [ 1.527180182607656, 42.191693839869515 ], [ 1.519870264838725, 42.184214759704183 ], [ 1.470988140629435, 42.155438541917974 ], [ 1.44623926354563, 42.144911072622804 ], [ 1.425930157303781, 42.159656332691476 ], [ 1.395783956670047, 42.150304654706069 ], [ 1.378024908464519, 42.154738062850065 ], [ 1.357696572835319, 42.147964445492811 ], [ 1.366898941763466, 42.138369275275686 ], [ 1.362160927390853, 42.129709920230709 ], [ 1.327570526109412, 42.115449532767997 ], [ 1.324066656509615, 42.095098633575937 ], [ 1.33104314754794, 42.079907919012669 ], [ 1.350096521886797, 42.072420190365406 ], [ 1.358346786749497, 42.07405157032543 ], [ 1.359297776902534, 42.029610570694416 ], [ 1.353897854847961, 42.022598435812256 ], [ 1.362789618602785, 41.999921788790488 ], [ 1.350413818773998, 41.993836452992312 ], [ 1.324060027511647, 41.99055461175319 ], [ 1.306938630329624, 41.994302088987176 ], [ 1.308845602926177, 41.986116492623317 ], [ 1.294871378452577, 41.974183558442526 ] ] ] } },
{ "type": "Feature", "properties": { "COMARCA_KEY": "40", "id": "82233", "nom": "Sant Llorenç Savall", "comarca": 40, "provincia": 8, "sup": 41.11 }, "geometry": { "type": "Polygon", "coordinates": [ [ [ 2.033016236985946, 41.441672749044351 ], [ 2.023488779951215, 41.457571339099019 ], [ 1.999694154175193, 41.460141137423136 ], [ 1.99399078927589, 41.435591373338262 ], [ 1.989859494435471, 41.439572460096976 ], [ 1.985101649518523, 41.443782059821331 ], [ 1.973344212441921, 41.463656018754186 ], [ 1.961604612517612, 41.45944329316346 ], [ 1.953691001509818, 41.464595828804718 ], [ 1.945438517377858, 41.466934423869112 ], [ 1.921953535924985, 41.495233770017968 ], [ 1.930516151005509, 41.496160398755592 ], [ 1.936219197699412, 41.507850670620478 ], [ 1.951467473849273, 41.510422668270664 ], [ 1.951143814950964, 41.523047869844426 ], [ 1.941619132381522, 41.527968617750979 ], [ 1.931771840872291, 41.53638036877863 ], [ 1.920050858407367, 41.5707683628276 ], [ 1.90923987220905, 41.570306017672436 ], [ 1.884503239378089, 41.578949701195668 ], [ 1.891156906028564, 41.581283863736083 ], [ 1.86323294597423, 41.592053851720145 ], [ 1.864177881599139, 41.617535204775329 ], [ 1.872429394927496, 41.612392346777575 ], [ 1.894016898605546, 41.618943055215581 ], [ 1.89274066226728, 41.636008141000183 ], [ 1.886411771290506, 41.649349454865963 ], [ 1.894009506030323, 41.655889855450376 ], [ 1.907025946500958, 41.664553021602543 ], [ 1.933046227387403, 41.662906061367714 ], [ 1.941947929509798, 41.648883352681231 ], [ 1.957164770655788, 41.646536482603302 ], [ 1.971445057175292, 41.648646714115237 ], [ 1.982884771337435, 41.648172067353279 ], [ 1.989538364110178, 41.654265478942413 ], [ 2.010806904202671, 41.658233458996676 ], [ 2.004765668291037, 41.67461013124371 ], [ 2.0130343240831, 41.68068011339718 ], [ 2.009542477444541, 41.692143007852017 ], [ 2.018725253906849, 41.69517608111417 ], [ 2.022235121827314, 41.70781577649565 ], [ 2.031748541033896, 41.716236787403552 ], [ 2.049519694337683, 41.71108906038441 ], [ 2.066647492401704, 41.713661343111909 ], [ 2.086970047142927, 41.708042130860186 ], [ 2.110766889186924, 41.716929501325382 ], [ 2.132980377885219, 41.715297858470187 ], [ 2.138372691479741, 41.689578350146746 ], [ 2.130763217605174, 41.679991594860979 ], [ 2.133626080125997, 41.668988572902059 ], [ 2.112993440055983, 41.666885659859602 ], [ 2.097122002618439, 41.659394291595696 ], [ 2.109495087038457, 41.654014520494933 ], [ 2.115530025418417, 41.643036437597189 ], [ 2.150437581487638, 41.629230624917327 ], [ 2.16089890400658, 41.614968089254347 ], [ 2.16504076808327, 41.60092904878617 ], [ 2.187554068646976, 41.606548709442166 ], [ 2.201216272559775, 41.58082981281153 ], [ 2.202467870787981, 41.576605106039736 ], [ 2.202794122807637, 41.575436428902556 ], [ 2.196445264398889, 41.574743711478099 ], [ 2.187563304103387, 41.56562001498898 ], [ 2.189779261256084, 41.557204867407698 ], [ 2.205966157633359, 41.527972065938535 ], [ 2.19867901953328, 41.51626605794349 ], [ 2.188833782309387, 41.51580071397872 ], [ 2.20343273833333, 41.503886981192728 ], [ 2.224373170186938, 41.492176432974723 ], [ 2.211675344227451, 41.480254416797756 ], [ 2.211049015186948, 41.470666263348967 ], [ 2.198996355158469, 41.473014957497846 ], [ 2.185979810777607, 41.468095615939056 ], [ 2.165981013661173, 41.458746792613681 ], [ 2.156469486803348, 41.449850180391742 ], [ 2.129500241591625, 41.443308039966773 ], [ 2.12092643819473, 41.4257684393354 ], [ 2.09044507643271, 41.428341803926784 ], [ 2.070772083813169, 41.434886096404938 ], [ 2.079027804491927, 41.414775853748033 ], [ 2.074912292570934, 41.416418218662031 ], [ 2.073322999325711, 41.417108008321748 ], [ 2.070455141170685, 41.418508047165417 ], [ 2.05935349933787, 41.434883369756577 ], [ 2.064108917219058, 41.44212807506478 ], [ 2.054269271258416, 41.445416364900254 ], [ 2.033016236985946, 41.441672749044351 ] ] ] } },
{ "type": "Feature", "properties": { "COMARCA_KEY": "41", "id": "81379", "nom": "Montseny", "comarca": 41, "provincia": 8, "sup": 26.67 }, "geometry": { "type": "Polygon", "coordinates": [ [ [ 2.188833782309387, 41.51580071397872 ], [ 2.19867901953328, 41.51626605794349 ], [ 2.205966157633359, 41.527972065938535 ], [ 2.189779261256084, 41.557204867407698 ], [ 2.187563304103387, 41.56562001498898 ], [ 2.196445264398889, 41.574743711478099 ], [ 2.202794122807637, 41.575436428902556 ], [ 2.202467870787981, 41.576605106039736 ], [ 2.201216272559775, 41.58082981281153 ], [ 2.187554068646976, 41.606548709442166 ], [ 2.16504076808327, 41.60092904878617 ], [ 2.16089890400658, 41.614968089254347 ], [ 2.150437581487638, 41.629230624917327 ], [ 2.115530025418417, 41.643036437597189 ], [ 2.109495087038457, 41.654014520494933 ], [ 2.097122002618439, 41.659394291595696 ], [ 2.112993440055983, 41.666885659859602 ], [ 2.133626080125997, 41.668988572902059 ], [ 2.130763217605174, 41.679991594860979 ], [ 2.138372691479741, 41.689578350146746 ], [ 2.132980377885219, 41.715297858470187 ], [ 2.16597550415027, 41.712731892852368 ], [ 2.187559266188449, 41.715066218438828 ], [ 2.195489772631444, 41.705700672580669 ], [ 2.209767993186821, 41.709690782792698 ], [ 2.212628078535843, 41.70383783196926 ], [ 2.237395891083397, 41.709210932690439 ], [ 2.240233949647747, 41.705014439032396 ], [ 2.240548626665659, 41.729335475085534 ], [ 2.255784351162941, 41.728156169333275 ], [ 2.260563616161442, 41.745462440856784 ], [ 2.250706295296543, 41.749199524160339 ], [ 2.251657911603053, 41.76253603229268 ], [ 2.246274259955278, 41.770264826875227 ], [ 2.245950333891034, 41.781485337660868 ], [ 2.264359049680188, 41.796448088699783 ], [ 2.266894910959695, 41.804174204927357 ], [ 2.270706038592006, 41.795047453394282 ], [ 2.289118797563156, 41.788731933536361 ], [ 2.303719198518239, 41.798548824441141 ], [ 2.328138376873871, 41.788498402715092 ], [ 2.334173969812137, 41.763476205725475 ], [ 2.365272187205558, 41.769560793490129 ], [ 2.363057481525805, 41.791543507388823 ], [ 2.37574328374672, 41.79645887192369 ], [ 2.382728029294899, 41.808619928898622 ], [ 2.404633271990223, 41.801367889582757 ], [ 2.41828223554048, 41.804175922891062 ], [ 2.443032545823248, 41.798552168366271 ], [ 2.443981985933875, 41.788973379165007 ], [ 2.455721564823495, 41.784057757726124 ], [ 2.471903245912196, 41.788961011945496 ], [ 2.468724287788804, 41.777507509437982 ], [ 2.482055594505091, 41.771659805494707 ], [ 2.489996654547756, 41.765570577124493 ], [ 2.515696248571423, 41.762078981752353 ], [ 2.515063764668671, 41.753411568484232 ], [ 2.53092638356202, 41.73892205885808 ], [ 2.529659853902924, 41.731206847104382 ], [ 2.547106582181001, 41.719279521732645 ], [ 2.571874978410568, 41.726057718589608 ], [ 2.598529517822238, 41.728153504554122 ], [ 2.599784720080127, 41.71576414136279 ], [ 2.588048343132134, 41.70125726626511 ], [ 2.599166227390127, 41.683732686698939 ], [ 2.609310147086436, 41.675300898849329 ], [ 2.598196187802902, 41.669696159175004 ], [ 2.594081917022165, 41.659161329032862 ], [ 2.592808686241479, 41.659174839871596 ], [ 2.572810322311109, 41.661047802917203 ], [ 2.546480932888998, 41.657758392039668 ], [ 2.541713998875351, 41.64911060705731 ], [ 2.536651775970132, 41.641632358537692 ], [ 2.536012470793316, 41.633667412583208 ], [ 2.522984426309452, 41.625723769688335 ], [ 2.496660972704692, 41.623846110265688 ], [ 2.486828305653252, 41.631566852407353 ], [ 2.455089303453911, 41.631096521739742 ], [ 2.421121811193555, 41.630173881651551 ], [ 2.401134395138647, 41.607949787436411 ], [ 2.383045221196952, 41.596955384495573 ], [ 2.375429398003156, 41.595328988954797 ], [ 2.356392276150736, 41.574273123235123 ], [ 2.337346127099964, 41.562347387863838 ], [ 2.334180250237086, 41.543629951037111 ], [ 2.316405380114099, 41.532879010491705 ], [ 2.331004034359735, 41.523759369949545 ], [ 2.323070748442915, 41.516741260789033 ], [ 2.307512056873382, 41.512523261236979 ], [ 2.281825042893661, 41.514167191384587 ], [ 2.266905428654689, 41.504579308883088 ], [ 2.263079191991514, 41.503870296837398 ], [ 2.246264849741717, 41.488683003168703 ], [ 2.224373170186938, 41.492176432974723 ], [ 2.20343273833333, 41.503886981192728 ], [ 2.188833782309387, 41.51580071397872 ] ], [ [ 2.212305629485345, 41.556730883849163 ], [ 2.204076906662661, 41.568653860737882 ], [ 2.204052920850573, 41.568653694695087 ], [ 2.212305629485345, 41.556730883849163 ] ] ] } },
{ "type": "Feature", "properties": { "COMARCA_KEY": "42", "id": "82589", "nom": "Santa Maria d'Oló", "comarca": 42, "provincia": 8, "sup": 66.21 }, "geometry": { "type": "Polygon", "coordinates": [ [ [ 2.031748541033896, 41.716236787403552 ], [ 2.022235121827314, 41.70781577649565 ], [ 2.014934534511998, 41.724650479724517 ], [ 2.004148739078599, 41.728628642586443 ], [ 2.001917466172793, 41.743830985031622 ], [ 1.979080178208068, 41.753645997123563 ], [ 1.979056125151101, 41.753645783380435 ], [ 1.953044713759254, 41.746638510155954 ], [ 1.928609412857051, 41.744990153204853 ], [ 1.918775501920249, 41.756228677509561 ], [ 1.917180498013066, 41.770966884262982 ], [ 1.903850266060835, 41.773758678632475 ], [ 1.960037707073093, 41.784296683381235 ], [ 1.9876466329169, 41.794811106489242 ], [ 2.019053366284898, 41.801586535649093 ], [ 2.027623843877283, 41.801587351184743 ], [ 2.038727815620467, 41.806040118280201 ], [ 2.033009089171533, 41.813287644124294 ], [ 2.020317970518482, 41.822871423813133 ], [ 2.012075692265046, 41.821701996709798 ], [ 1.995560183547826, 41.835267078513006 ], [ 1.976855504560154, 41.83760585464654 ], [ 1.975579554342177, 41.848132382882362 ], [ 1.995242305336066, 41.858663844312041 ], [ 2.015876138066693, 41.873865741883783 ], [ 2.000637160150464, 41.882038321071065 ], [ 2.013352426003926, 41.884381937427733 ], [ 2.01206646141676, 41.91151701773763 ], [ 2.040948909317714, 41.902394950677063 ], [ 2.0472912221905, 41.897476056290969 ], [ 2.074908566930771, 41.900061627140019 ], [ 2.091095174686306, 41.908008702434245 ], [ 2.106645253223247, 41.903086988351944 ], [ 2.136460621257491, 41.912916224427356 ], [ 2.139019054570594, 41.909170637894114 ], [ 2.144732156368939, 41.900296693569615 ], [ 2.139009209965074, 41.888365051997539 ], [ 2.123136902281389, 41.885560942988675 ], [ 2.132039326620943, 41.874334121218126 ], [ 2.133927388144082, 41.861234531034668 ], [ 2.154556501770551, 41.853750495738595 ], [ 2.179316090723642, 41.852579072293437 ], [ 2.185982554954557, 41.860768655581353 ], [ 2.191376938531398, 41.838073589303356 ], [ 2.196440676201751, 41.835731326277127 ], [ 2.188525178450367, 41.812113773526235 ], [ 2.175510148403689, 41.798078458632624 ], [ 2.185985459468888, 41.786390166626902 ], [ 2.18596931075838, 41.781958655549829 ], [ 2.188523193297712, 41.756919452547478 ], [ 2.184400337830578, 41.742425086571544 ], [ 2.193914711630337, 41.729792388804647 ], [ 2.213264930133236, 41.726521862765402 ], [ 2.240548626665659, 41.729335475085534 ], [ 2.240233949647747, 41.705014439032396 ], [ 2.237395891083397, 41.709210932690439 ], [ 2.212628078535843, 41.70383783196926 ], [ 2.209767993186821, 41.709690782792698 ], [ 2.195489772631444, 41.705700672580669 ], [ 2.187559266188449, 41.715066218438828 ], [ 2.16597550415027, 41.712731892852368 ], [ 2.132980377885219, 41.715297858470187 ], [ 2.110766889186924, 41.716929501325382 ], [ 2.086970047142927, 41.708042130860186 ], [ 2.066647492401704, 41.713661343111909 ], [ 2.049519694337683, 41.71108906038441 ], [ 2.031748541033896, 41.716236787403552 ] ] ] } },
{ "type": "Feature", "properties": { "COMARCA_KEY": "5", "id": "250432", "nom": "la Vall de Boí", "comarca": 5, "provincia": 25, "sup": 219.5 }, "geometry": { "type": "Polygon", "coordinates": [ [ [ 0.892481948113645, 42.334594571087194 ], [ 0.886461057380922, 42.304891361811144 ], [ 0.873765421813851, 42.298568782956146 ], [ 0.846770138803814, 42.314707169169594 ], [ 0.815674851552013, 42.314947307496624 ], [ 0.790932976675896, 42.327801297051522 ], [ 0.771260688278406, 42.332247388012469 ], [ 0.776336345055273, 42.341135342916871 ], [ 0.76204649600036, 42.348385770972342 ], [ 0.765866153739351, 42.348856537680113 ], [ 0.795376256499757, 42.347212667946238 ], [ 0.809343757345963, 42.35751262383382 ], [ 0.790605626307149, 42.373182636862374 ], [ 0.770313839914312, 42.375509259982444 ], [ 0.761108241693048, 42.35703070360622 ], [ 0.741744747957345, 42.357965566318015 ], [ 0.72269162644965, 42.367098260672456 ], [ 0.734749892058436, 42.37083136282758 ], [ 0.745242077772945, 42.385104758751268 ], [ 0.728106133244863, 42.407549930325267 ], [ 0.736030873649095, 42.412227485455233 ], [ 0.725873531504665, 42.426957218538824 ], [ 0.710648172067844, 42.435155038947684 ], [ 0.706513842303861, 42.449174676620281 ], [ 0.709059236156113, 42.45806881148026 ], [ 0.690650327049007, 42.487074382464321 ], [ 0.699216343788943, 42.495027285803246 ], [ 0.713823857579149, 42.48753921358977 ], [ 0.737928305717977, 42.507415068362484 ], [ 0.720157869225294, 42.512790087160106 ], [ 0.72588521758646, 42.534084213330573 ], [ 0.742369333391031, 42.54226285569473 ], [ 0.756646295400009, 42.567289652425494 ], [ 0.761741756661768, 42.595125243736206 ], [ 0.768073902446231, 42.609621026052373 ], [ 0.806797218618656, 42.619212246661277 ], [ 0.826160349668117, 42.605173212336496 ], [ 0.840423293403122, 42.607982523565752 ], [ 0.876615110561838, 42.631370327671682 ], [ 0.895650259444471, 42.62599442165844 ], [ 0.89470860564274, 42.6119650579937 ], [ 0.911827354610022, 42.606803319210151 ], [ 0.917870146797579, 42.593009290229688 ], [ 0.937550310918155, 42.589042871986386 ], [ 0.942621580366115, 42.58084925520123 ], [ 0.969276712886144, 42.574300851489369 ], [ 0.972765233861463, 42.551615281964324 ], [ 0.953729609358863, 42.538525285398684 ], [ 0.957849078002517, 42.532439160529336 ], [ 0.945149742483146, 42.517947613030607 ], [ 0.929612395241985, 42.515128347682307 ], [ 0.918508475280356, 42.502733893030324 ], [ 0.921677387386228, 42.484960811183427 ], [ 0.894068442364312, 42.479593726934112 ], [ 0.87914316851524, 42.459002273144314 ], [ 0.866763753030948, 42.461113842958312 ], [ 0.857565558138541, 42.454800538955219 ], [ 0.871858379787161, 42.44427845203812 ], [ 0.855360439874807, 42.42462721013846 ], [ 0.82964020608234, 42.424629202756044 ], [ 0.822355180240947, 42.415269438812857 ], [ 0.833760410039248, 42.403814589052516 ], [ 0.822022131959508, 42.391885006944612 ], [ 0.846455219975871, 42.368734428181206 ], [ 0.862007304846731, 42.367800874837961 ], [ 0.872812592812579, 42.345578194059186 ], [ 0.892481948113645, 42.334594571087194 ] ] ] } },
{ "type": "Feature", "properties": { "COMARCA_KEY": "6", "id": "80608", "nom": "Castellfollit de Riubregós", "comarca": 6, "provincia": 8, "sup": 26.28 }, "geometry": { "type": "Polygon", "coordinates": [ [ [ 1.502405395784235, 41.428800629851139 ], [ 1.495434656123924, 41.436293697600114 ], [ 1.475763029088315, 41.436052709901809 ], [ 1.469083517823791, 41.444232557984471 ], [ 1.485605060789792, 41.460610077459172 ], [ 1.485594257625174, 41.47136442978664 ], [ 1.475114383670733, 41.479080137599631 ], [ 1.473541759482673, 41.485868629594279 ], [ 1.45258129214717, 41.486813452032095 ], [ 1.43894400737288, 41.498032062303103 ], [ 1.408167252046933, 41.504347380965363 ], [ 1.396433336197673, 41.51275900927947 ], [ 1.397367496859705, 41.518608566571672 ], [ 1.408489463532282, 41.535209807197596 ], [ 1.425614482905612, 41.531950878619689 ], [ 1.436419814714173, 41.539195839675024 ], [ 1.448463852222992, 41.536855063212442 ], [ 1.446871722210872, 41.552289543453696 ], [ 1.431012908098986, 41.555568901275215 ], [ 1.453538947617902, 41.569366547383865 ], [ 1.419266069201257, 41.58293315759132 ], [ 1.410068951224511, 41.575438661502325 ], [ 1.392298408263844, 41.57520951178109 ], [ 1.39577924393985, 41.584805457083853 ], [ 1.40751804547566, 41.590408851708112 ], [ 1.407204318051595, 41.60024002329336 ], [ 1.385325701050041, 41.602798937782389 ], [ 1.374836476018057, 41.611459804378526 ], [ 1.361190908575558, 41.611932551506953 ], [ 1.369764637440743, 41.621277481191441 ], [ 1.387548431814866, 41.631111629689819 ], [ 1.391357009246277, 41.634371431413221 ], [ 1.420530625303022, 41.634379783250459 ], [ 1.430374362861052, 41.629470816326119 ], [ 1.448789814075046, 41.636475988605604 ], [ 1.450379420388259, 41.646296875725099 ], [ 1.431023075291895, 41.655185164600702 ], [ 1.419266986107001, 41.676244049190132 ], [ 1.423403557053134, 41.683956635355941 ], [ 1.404049648921084, 41.686301404551998 ], [ 1.395797074836206, 41.695409383553006 ], [ 1.399908304420472, 41.704077145435818 ], [ 1.383095094014123, 41.705480981152149 ], [ 1.424354477532015, 41.732606020105422 ], [ 1.402777578153414, 41.745457799340393 ], [ 1.413562308320337, 41.776337927483645 ], [ 1.427209222840921, 41.80183418945407 ], [ 1.451330750680901, 41.797856823293216 ], [ 1.471316342501512, 41.800664435493715 ], [ 1.472910608098565, 41.782186021312569 ], [ 1.460848857543712, 41.776332825236011 ], [ 1.467816854105755, 41.770715764683445 ], [ 1.488130941183951, 41.778676627557715 ], [ 1.483368001006443, 41.790844863639272 ], [ 1.504639068693274, 41.788025480148541 ], [ 1.511307956348417, 41.770260892828354 ], [ 1.532559864011302, 41.76370727844197 ], [ 1.530650694321965, 41.752478528315365 ], [ 1.54461742008281, 41.757159684278079 ], [ 1.548436158376202, 41.77024971531192 ], [ 1.561752904064772, 41.769786754501226 ], [ 1.561133634209716, 41.777038399020405 ], [ 1.574771121341645, 41.78171176777014 ], [ 1.581755359008228, 41.77493510891226 ], [ 1.595075737450902, 41.764416830373342 ], [ 1.586510412139319, 41.746874710913964 ], [ 1.587474335457763, 41.731430963389805 ], [ 1.602375082060997, 41.730730536050928 ], [ 1.607468498994433, 41.716471583013032 ], [ 1.589697485720713, 41.723244091570962 ], [ 1.567783079706465, 41.720433085694232 ], [ 1.551917575406278, 41.708507381721844 ], [ 1.563653827939345, 41.708276413783352 ], [ 1.582707460468588, 41.697758892504893 ], [ 1.596341588096337, 41.700790428232494 ], [ 1.602706005658369, 41.692149388026039 ], [ 1.615704801697179, 41.69565726863069 ], [ 1.62364477631306, 41.690744844128346 ], [ 1.618566788527952, 41.682091368668999 ], [ 1.634752618015434, 41.666648870767666 ], [ 1.62744777919809, 41.662202520268508 ], [ 1.638867190200533, 41.644666780988786 ], [ 1.642037312099466, 41.654954155586275 ], [ 1.666801475878754, 41.652614085204576 ], [ 1.667119771773633, 41.636008983941473 ], [ 1.68140462790014, 41.619636964423457 ], [ 1.704889232385462, 41.622912313451195 ], [ 1.725819924267677, 41.641394391576583 ], [ 1.728369562172017, 41.64607022331495 ], [ 1.756297351295511, 41.643727783326923 ], [ 1.779766818574029, 41.653562779512242 ], [ 1.778498154185942, 41.644434241798223 ], [ 1.790252991797224, 41.639983019532579 ], [ 1.787395290688312, 41.610517975876107 ], [ 1.811520836385107, 41.605149547588191 ], [ 1.812779327563093, 41.603271070075628 ], [ 1.806117475894727, 41.571461121233135 ], [ 1.797875324459531, 41.564457776415665 ], [ 1.794377661358919, 41.56164696093235 ], [ 1.817535408245442, 41.554393536295805 ], [ 1.826740128415399, 41.538725321322175 ], [ 1.854980997545313, 41.515807494928616 ], [ 1.854989109252973, 41.508547761979031 ], [ 1.843878297000831, 41.50668919706002 ], [ 1.837538728526827, 41.498032399326306 ], [ 1.824198107417491, 41.484457985368344 ], [ 1.810247525888414, 41.480963820611045 ], [ 1.806440770555066, 41.473016014850089 ], [ 1.792467986328812, 41.473482655354736 ], [ 1.798174231195208, 41.466696911393754 ], [ 1.774055525248095, 41.462947547784815 ], [ 1.776295695732521, 41.450793581890096 ], [ 1.768974673197611, 41.445419184984317 ], [ 1.749002571282004, 41.453130098680745 ], [ 1.746767912723289, 41.458510124458677 ], [ 1.711864484224883, 41.467636155919614 ], [ 1.702350275960776, 41.473942339123639 ], [ 1.680123695500127, 41.506925877083354 ], [ 1.641095369634157, 41.506453277208848 ], [ 1.614762750812048, 41.513002500874499 ], [ 1.605871089954374, 41.513003126690975 ], [ 1.600158975014033, 41.493352258865848 ], [ 1.582692100688251, 41.490075888541959 ], [ 1.570971561877017, 41.480491369031064 ], [ 1.570318243640018, 41.472070578428976 ], [ 1.594455970626405, 41.451255289352488 ], [ 1.572242692626409, 41.443307569509692 ], [ 1.563674480195661, 41.450784939802858 ], [ 1.536371516790611, 41.444712181318785 ], [ 1.535428560658883, 41.43980027519742 ], [ 1.511609196338384, 41.435585403163095 ], [ 1.502405395784235, 41.428800629851139 ] ] ] } },
{ "type": "Feature", "properties": { "COMARCA_KEY": "7", "id": "82129", "nom": "Sant Feliu Sasserra", "comarca": 7, "provincia": 8, "sup": 22.36 }, "geometry": { "type": "Polygon", "coordinates": [ [ [ 1.787395290688312, 41.610517975876107 ], [ 1.790252991797224, 41.639983019532579 ], [ 1.778498154185942, 41.644434241798223 ], [ 1.779766818574029, 41.653562779512242 ], [ 1.756297351295511, 41.643727783326923 ], [ 1.728369562172017, 41.64607022331495 ], [ 1.725819924267677, 41.641394391576583 ], [ 1.704889232385462, 41.622912313451195 ], [ 1.68140462790014, 41.619636964423457 ], [ 1.667119771773633, 41.636008983941473 ], [ 1.666801475878754, 41.652614085204576 ], [ 1.642037312099466, 41.654954155586275 ], [ 1.638867190200533, 41.644666780988786 ], [ 1.62744777919809, 41.662202520268508 ], [ 1.634752618015434, 41.666648870767666 ], [ 1.618566788527952, 41.682091368668999 ], [ 1.62364477631306, 41.690744844128346 ], [ 1.615704801697179, 41.69565726863069 ], [ 1.602706005658369, 41.692149388026039 ], [ 1.596341588096337, 41.700790428232494 ], [ 1.582707460468588, 41.697758892504893 ], [ 1.563653827939345, 41.708276413783352 ], [ 1.551917575406278, 41.708507381721844 ], [ 1.567783079706465, 41.720433085694232 ], [ 1.589697485720713, 41.723244091570962 ], [ 1.607468498994433, 41.716471583013032 ], [ 1.602375082060997, 41.730730536050928 ], [ 1.587474335457763, 41.731430963389805 ], [ 1.586510412139319, 41.746874710913964 ], [ 1.595075737450902, 41.764416830373342 ], [ 1.581755359008228, 41.77493510891226 ], [ 1.594439327889136, 41.777036464423048 ], [ 1.600153146791513, 41.788724885874871 ], [ 1.588419369458015, 41.804631183580938 ], [ 1.592863953336223, 41.81165687891594 ], [ 1.611888706209565, 41.818193052041764 ], [ 1.610319221511542, 41.836205368835351 ], [ 1.631895417247882, 41.844390267296923 ], [ 1.625217374156298, 41.868250071817066 ], [ 1.618562332903648, 41.87737492381757 ], [ 1.601114038552413, 41.883918598243213 ], [ 1.583340129137148, 41.873397180836896 ], [ 1.568101548578637, 41.880179232014214 ], [ 1.583026496719838, 41.893045596929859 ], [ 1.586515105983351, 41.887900831737262 ], [ 1.599515316065093, 41.901930202387504 ], [ 1.614432133544007, 41.905659760354716 ], [ 1.637923869947046, 41.926944064604847 ], [ 1.652511500181748, 41.92835910897265 ], [ 1.642363978293094, 41.940506403373639 ], [ 1.648400607905952, 41.949403988495369 ], [ 1.649019669540831, 41.956652478413368 ], [ 1.663309492074043, 41.962259671046354 ], [ 1.677578655884014, 41.942142342616613 ], [ 1.685848578715096, 41.937716044224771 ], [ 1.71725170234507, 41.94052099936377 ], [ 1.722007247326151, 41.929514023449521 ], [ 1.73089494863268, 41.91923707496683 ], [ 1.751224001166178, 41.916902127392042 ], [ 1.755334155936295, 41.921341961530466 ], [ 1.767709526050067, 41.912450873328652 ], [ 1.80898034696309, 41.926252178185059 ], [ 1.824191698189463, 41.920176416808381 ], [ 1.843571271129447, 41.906142816347987 ], [ 1.848009019401275, 41.915482246660922 ], [ 1.863551851639924, 41.916195552393653 ], [ 1.880051231965902, 41.906360331996396 ], [ 1.886096749732635, 41.920631583096068 ], [ 1.885441905647355, 41.937467558364034 ], [ 1.903226737118555, 41.945654694612749 ], [ 1.921623296918694, 41.953610651291264 ], [ 1.936535304737614, 41.965296172909341 ], [ 1.955587156953303, 41.966245650591397 ], [ 1.970186850557754, 41.919939522761361 ], [ 1.985725061360377, 41.924148836610087 ], [ 1.973354226298211, 41.929983258423952 ], [ 1.977801545487071, 41.95360222875361 ], [ 1.996517545390926, 41.960396197293036 ], [ 1.985733634146138, 41.969271971874157 ], [ 2.00509950122769, 41.964127564303674 ], [ 2.016820922307224, 41.966246023167152 ], [ 2.032064228633347, 41.958990159052512 ], [ 2.030486253843738, 41.956418970666427 ], [ 2.02318556730753, 41.941442143436795 ], [ 2.029830879037611, 41.932798089768312 ], [ 2.033649335213751, 41.913159770825423 ], [ 2.047923795281189, 41.906830242043569 ], [ 2.040948909317714, 41.902394950677063 ], [ 2.01206646141676, 41.91151701773763 ], [ 2.013352426003926, 41.884381937427733 ], [ 2.000637160150464, 41.882038321071065 ], [ 2.015876138066693, 41.873865741883783 ], [ 1.995242305336066, 41.858663844312041 ], [ 1.975579554342177, 41.848132382882362 ], [ 1.976855504560154, 41.83760585464654 ], [ 1.995560183547826, 41.835267078513006 ], [ 2.012075692265046, 41.821701996709798 ], [ 2.020317970518482, 41.822871423813133 ], [ 2.033009089171533, 41.813287644124294 ], [ 2.038727815620467, 41.806040118280201 ], [ 2.027623843877283, 41.801587351184743 ], [ 2.019053366284898, 41.801586535649093 ], [ 1.9876466329169, 41.794811106489242 ], [ 1.960037707073093, 41.784296683381235 ], [ 1.903850266060835, 41.773758678632475 ], [ 1.917180498013066, 41.770966884262982 ], [ 1.918775501920249, 41.756228677509561 ], [ 1.928609412857051, 41.744990153204853 ], [ 1.953044713759254, 41.746638510155954 ], [ 1.979056125151101, 41.753645783380435 ], [ 2.001917466172793, 41.743830985031622 ], [ 2.004148739078599, 41.728628642586443 ], [ 2.014934534511998, 41.724650479724517 ], [ 2.022235121827314, 41.70781577649565 ], [ 2.018725253906849, 41.69517608111417 ], [ 2.009542477444541, 41.692143007852017 ], [ 2.0130343240831, 41.68068011339718 ], [ 2.004765668291037, 41.67461013124371 ], [ 2.010806904202671, 41.658233458996676 ], [ 1.989538364110178, 41.654265478942413 ], [ 1.982884771337435, 41.648172067353279 ], [ 1.971445057175292, 41.648646714115237 ], [ 1.957164770655788, 41.646536482603302 ], [ 1.941947929509798, 41.648883352681231 ], [ 1.933046227387403, 41.662906061367714 ], [ 1.907025946500958, 41.664553021602543 ], [ 1.894009506030323, 41.655889855450376 ], [ 1.886411771290506, 41.649349454865963 ], [ 1.89274066226728, 41.636008141000183 ], [ 1.894016898605546, 41.618943055215581 ], [ 1.872429394927496, 41.612392346777575 ], [ 1.864177881599139, 41.617535204775329 ], [ 1.86323294597423, 41.592053851720145 ], [ 1.851811748523698, 41.590643324516051 ], [ 1.831511520127561, 41.590636932762528 ], [ 1.812779327563093, 41.603271070075628 ], [ 1.811520836385107, 41.605149547588191 ], [ 1.787395290688312, 41.610517975876107 ] ], [ [ 1.719806180411304, 41.882745408299158 ], [ 1.719790423768617, 41.895606649075795 ], [ 1.706778026721626, 41.889300322933565 ], [ 1.719806180411304, 41.882745408299158 ] ] ] } },
{ "type": "Feature", "properties": { "COMARCA_KEY": "8", "id": "431166", "nom": "Prades", "comarca": 8, "provincia": 43, "sup": 32.47 }, "geometry": { "type": "Polygon", "coordinates": [ [ [ 0.784908120458868, 41.016030155894711 ], [ 0.780449028598324, 41.028410378377771 ], [ 0.796329444997086, 41.039415863612817 ], [ 0.806483548149974, 41.054615730941705 ], [ 0.816953098631411, 41.061858285360032 ], [ 0.83503894167411, 41.052507829784453 ], [ 0.852495562720363, 41.056491547365624 ], [ 0.857245984001679, 41.066307861399814 ], [ 0.851531612211864, 41.076595782678758 ], [ 0.857891314872943, 41.084550537314087 ], [ 0.87374789721554, 41.084556125281416 ], [ 0.861071532185854, 41.093670918256151 ], [ 0.84264885166436, 41.099974619611714 ], [ 0.830605009186084, 41.114249944858862 ], [ 0.826473392094748, 41.119630381119634 ], [ 0.83249504603742, 41.121959644677148 ], [ 0.853752093844604, 41.110035959361817 ], [ 0.877873651101781, 41.110969372511967 ], [ 0.884856218231194, 41.117528984835744 ], [ 0.889307586451429, 41.132490564664877 ], [ 0.899454408396771, 41.15423932035592 ], [ 0.907080040279955, 41.179742359934501 ], [ 0.879793078761708, 41.183008044677045 ], [ 0.880105980545107, 41.194002486184893 ], [ 0.90612522073385, 41.193992302430871 ], [ 0.922633473605846, 41.202884187565211 ], [ 0.921362346724164, 41.213651770581528 ], [ 0.909931933802369, 41.23772789967223 ], [ 0.943249171730916, 41.244506953849069 ], [ 0.970864118974097, 41.262993292521529 ], [ 0.975303059583798, 41.259955019596553 ], [ 0.969283922089714, 41.274692628421654 ], [ 0.973709354325261, 41.295270687389419 ], [ 0.960718607074736, 41.299004289280731 ], [ 0.945160522197002, 41.290116798975752 ], [ 0.944196101703724, 41.304853062740754 ], [ 0.935323642787477, 41.320294301544948 ], [ 0.949603320423238, 41.31678474234625 ], [ 0.977215917874206, 41.329414937650718 ], [ 0.994341037599768, 41.352322291257479 ], [ 1.004509973743765, 41.345779915488606 ], [ 1.001336753053103, 41.329169964521768 ], [ 1.019423761429757, 41.332455057224358 ], [ 1.047346808846389, 41.324970117283065 ], [ 1.065115423115981, 41.326134972461482 ], [ 1.042268851202654, 41.31818258114783 ], [ 1.054004263993187, 41.306023952166626 ], [ 1.066373172833216, 41.304611189060594 ], [ 1.056536157525131, 41.293168587265143 ], [ 1.0590802427935, 41.27422452542735 ], [ 1.053066604512564, 41.267673842993418 ], [ 1.088590613895414, 41.263693675675491 ], [ 1.099082159730805, 41.265794972067894 ], [ 1.105093169923672, 41.256904932433535 ], [ 1.119053115898768, 41.260412535798707 ], [ 1.141268241536136, 41.255747421661894 ], [ 1.143494992698788, 41.247082386918635 ], [ 1.160642869977326, 41.238206330847092 ], [ 1.153027537628635, 41.232355780677693 ], [ 1.173003317526212, 41.223703319466722 ], [ 1.183797555463346, 41.213876033953966 ], [ 1.176175816051246, 41.200550831926861 ], [ 1.173003659899302, 41.195402396323296 ], [ 1.172370438983328, 41.193302648194056 ], [ 1.155556109033644, 41.179739703394922 ], [ 1.143510450542337, 41.170610841575353 ], [ 1.160638273618074, 41.149790492273986 ], [ 1.16920712095904, 41.14933255659934 ], [ 1.191097836658882, 41.131555602050021 ], [ 1.188573168240607, 41.128057069899086 ], [ 1.165080948126613, 41.13833191749702 ], [ 1.176496234264895, 41.108176242429998 ], [ 1.164771375685642, 41.108404357439881 ], [ 1.15237344193081, 41.122437857913859 ], [ 1.131112096987975, 41.130381597556649 ], [ 1.120015856065331, 41.130146946964949 ], [ 1.127944628501096, 41.107703578516443 ], [ 1.12382397839262, 41.101853770049246 ], [ 1.100974333968004, 41.11378339261141 ], [ 1.094299685803738, 41.104899950759162 ], [ 1.093355045732933, 41.092273959828553 ], [ 1.100350886329986, 41.086660835343238 ], [ 1.117480648666711, 41.073791203399303 ], [ 1.08478474315774, 41.063506191250312 ], [ 1.049568520812281, 41.063960176765342 ], [ 1.022903245795553, 41.052282381792189 ], [ 1.003862944736609, 41.04291060125599 ], [ 0.984824993106405, 41.039876940125659 ], [ 0.959441833522012, 41.022802496395514 ], [ 0.94325881589831, 41.008535256651335 ], [ 0.931512364671794, 40.990994718192923 ], [ 0.919127395268841, 40.988663994630627 ], [ 0.897240270313795, 40.974161066570993 ], [ 0.873120439009299, 40.950299141888038 ], [ 0.8613681215753, 40.946334569957642 ], [ 0.85726444246685, 40.93510714863482 ], [ 0.819174508703938, 40.94048172806567 ], [ 0.803305461506766, 40.952646567576203 ], [ 0.797595389718569, 40.966444941300217 ], [ 0.774755900033004, 40.996847182727819 ], [ 0.784908120458868, 41.016030155894711 ] ] ] } },
{ "type": "Feature", "properties": { "COMARCA_KEY": "9", "id": "430252", "nom": "Benifallet", "comarca": 9, "provincia": 43, "sup": 62.42 }, "geometry": { "type": "Polygon", "coordinates": [ [ [ 0.383764473116865, 40.762734503035048 ], [ 0.342531556888218, 40.757594419680629 ], [ 0.330768408278124, 40.760871589368342 ], [ 0.313332036143207, 40.743803485318686 ], [ 0.292701770780837, 40.750815005139401 ], [ 0.27841639321273, 40.772330000315804 ], [ 0.273332862596527, 40.780748618406456 ], [ 0.233980827648689, 40.779343012632658 ], [ 0.233665743335109, 40.786360931002918 ], [ 0.258751061725296, 40.799930158928497 ], [ 0.272710775099283, 40.817933003614776 ], [ 0.292381870089044, 40.815838658465438 ], [ 0.31173840633136, 40.839691937414536 ], [ 0.331738034694133, 40.847866617485323 ], [ 0.36157098901748, 40.880384236512363 ], [ 0.369171377254912, 40.890429685860319 ], [ 0.362838033986791, 40.907038003356917 ], [ 0.370769390335573, 40.942346508729621 ], [ 0.392347299129249, 40.948205019896328 ], [ 0.392982966673713, 40.954992657223116 ], [ 0.445015860515825, 40.964336593723502 ], [ 0.454870377728335, 40.978137288364692 ], [ 0.479290903981799, 40.976026102660242 ], [ 0.503105714775947, 40.988668170030046 ], [ 0.506276582092944, 40.994735541794988 ], [ 0.535475398925624, 41.001056341638453 ], [ 0.557682200585259, 41.01462555406718 ], [ 0.573537656224015, 41.000585300850986 ], [ 0.564968838848395, 40.984678104858993 ], [ 0.584343440568112, 40.975556404413901 ], [ 0.578000918198385, 40.968307613487084 ], [ 0.592908697657826, 40.949831050163567 ], [ 0.585931445759334, 40.940479752853939 ], [ 0.596399434980048, 40.94071657740384 ], [ 0.608133451432389, 40.930890652552186 ], [ 0.666224592169387, 40.943286685297856 ], [ 0.684290815911311, 40.940948943531879 ], [ 0.698273146854823, 40.943985283668113 ], [ 0.740151484741665, 40.938617047806368 ], [ 0.750312046489129, 40.931826131255519 ], [ 0.789334584729617, 40.938381971648532 ], [ 0.819174508703938, 40.94048172806567 ], [ 0.85726444246685, 40.93510714863482 ], [ 0.836616568782029, 40.918508057235186 ], [ 0.825206882458632, 40.901431410215359 ], [ 0.802352626167845, 40.882478653881471 ], [ 0.795373563532336, 40.869626861719873 ], [ 0.766505089210463, 40.855127670143197 ], [ 0.762676310192764, 40.846226117458848 ], [ 0.751890018494381, 40.845998301522229 ], [ 0.741415808323716, 40.823310955749022 ], [ 0.736348317396459, 40.823788070059429 ], [ 0.732223420569775, 40.818176430042861 ], [ 0.706516589652166, 40.809975647352118 ], [ 0.699843138653741, 40.803429414732491 ], [ 0.706205957302578, 40.789396373227909 ], [ 0.720471251540297, 40.778419806990044 ], [ 0.734748183023999, 40.767657834052919 ], [ 0.762359863075884, 40.761801397633 ], [ 0.782994226733378, 40.772558562191101 ], [ 0.750948330920708, 40.784728900039774 ], [ 0.729671391616279, 40.788707713843856 ], [ 0.756961471504861, 40.794087739003146 ], [ 0.771878161028443, 40.789638905583779 ], [ 0.821077383993811, 40.739127244552854 ], [ 0.840755456654528, 40.730471509815054 ], [ 0.859785634941633, 40.733744590611913 ], [ 0.873111117087789, 40.729541195905433 ], [ 0.875340822468849, 40.719007192711473 ], [ 0.843923294034614, 40.715974290216359 ], [ 0.789341623292926, 40.693989561878695 ], [ 0.776656586110047, 40.696790448049235 ], [ 0.752853790720451, 40.709894890868235 ], [ 0.704287279511667, 40.714325337736298 ], [ 0.683981142860972, 40.714099658659379 ], [ 0.673817304191156, 40.72041666009865 ], [ 0.657008734040467, 40.718311052312728 ], [ 0.614163019030736, 40.705434964376757 ], [ 0.600216789239931, 40.706839143012864 ], [ 0.580523143700564, 40.715273181990952 ], [ 0.572277175417246, 40.733042804851401 ], [ 0.561489923262991, 40.751514685954241 ], [ 0.551332626585851, 40.744273731812832 ], [ 0.541490233265641, 40.745901885362777 ], [ 0.517050478825939, 40.744495670154599 ], [ 0.50691159774806, 40.738187998349481 ], [ 0.468514395636869, 40.737712016451049 ], [ 0.445668627155009, 40.737478592402717 ], [ 0.412648624304978, 40.740057324789781 ], [ 0.383468664036566, 40.757593680604117 ], [ 0.383764473116865, 40.762734503035048 ] ] ] } }
]
}
